employee,reader,start,end,delta,success
1,8,2022-06-19T19:11:52Z,2022-06-19T19:11:52Z,296.9718ms,True
1,9,2022-06-19T19:11:52Z,2022-06-19T19:11:53Z,301.9388ms,True
1,10,2022-06-19T19:11:53Z,2022-06-19T19:11:53Z,263.994ms,True
1,1,2022-06-19T19:11:53Z,2022-06-19T19:11:53Z,259.6954ms,True
1,9,2022-06-19T19:11:53Z,2022-06-19T19:11:53Z,256.4878ms,True
1,11,2022-06-19T19:11:53Z,2022-06-19T19:11:54Z,273.7921ms,True
1,16,2022-06-19T19:11:54Z,2022-06-19T19:11:54Z,254.4896ms,True
1,12,2022-06-19T19:11:54Z,2022-06-19T19:11:54Z,266.4745ms,True
1,10,2022-06-19T19:11:54Z,2022-06-19T19:11:54Z,273.4539ms,True
1,3,2022-06-19T19:11:54Z,2022-06-19T19:11:55Z,273.8265ms,True
1,4,2022-06-19T19:11:55Z,2022-06-19T19:11:55Z,292.9644ms,True
1,2,2022-06-19T19:11:55Z,2022-06-19T19:11:55Z,278.5108ms,True
1,8,2022-06-19T19:11:55Z,2022-06-19T19:11:56Z,294.8365ms,True
1,9,2022-06-19T19:11:56Z,2022-06-19T19:11:56Z,254.9735ms,True
1,10,2022-06-19T19:11:56Z,2022-06-19T19:11:56Z,260.2232ms,True
1,1,2022-06-19T19:11:56Z,2022-06-19T19:11:56Z,274.3028ms,True
1,9,2022-06-19T19:11:56Z,2022-06-19T19:11:57Z,269.9323ms,True
1,11,2022-06-19T19:11:57Z,2022-06-19T19:11:57Z,264.8438ms,True
1,16,2022-06-19T19:11:57Z,2022-06-19T19:11:57Z,249.6006ms,True
1,12,2022-06-19T19:11:57Z,2022-06-19T19:11:57Z,264.177ms,True
1,10,2022-06-19T19:11:57Z,2022-06-19T19:11:58Z,276.4995ms,True
1,3,2022-06-19T19:11:58Z,2022-06-19T19:11:58Z,265.7024ms,True
1,4,2022-06-19T19:11:58Z,2022-06-19T19:11:58Z,269.1756ms,True
1,2,2022-06-19T19:11:58Z,2022-06-19T19:11:58Z,264.4951ms,True
1,8,2022-06-19T19:11:58Z,2022-06-19T19:11:59Z,259.8278ms,True
1,9,2022-06-19T19:11:59Z,2022-06-19T19:11:59Z,286.2307ms,True
1,10,2022-06-19T19:11:59Z,2022-06-19T19:11:59Z,255.7589ms,True
1,1,2022-06-19T19:11:59Z,2022-06-19T19:12:00Z,272.1912ms,True
1,9,2022-06-19T19:12:00Z,2022-06-19T19:12:00Z,271.9085ms,True
1,11,2022-06-19T19:12:00Z,2022-06-19T19:12:00Z,266.0702ms,True
1,16,2022-06-19T19:12:00Z,2022-06-19T19:12:00Z,258.4868ms,True
1,12,2022-06-19T19:12:00Z,2022-06-19T19:12:01Z,264.6738ms,True
1,10,2022-06-19T19:12:01Z,2022-06-19T19:12:01Z,264.7536ms,True
1,3,2022-06-19T19:12:01Z,2022-06-19T19:12:01Z,269.6533ms,True
1,4,2022-06-19T19:12:01Z,2022-06-19T19:12:01Z,264.2964ms,True
1,2,2022-06-19T19:12:01Z,2022-06-19T19:12:02Z,264.6479ms,True
1,8,2022-06-19T19:12:02Z,2022-06-19T19:12:02Z,259.032ms,True
1,9,2022-06-19T19:12:02Z,2022-06-19T19:12:02Z,260.8792ms,True
1,10,2022-06-19T19:12:02Z,2022-06-19T19:12:02Z,254.7873ms,True
1,1,2022-06-19T19:12:02Z,2022-06-19T19:12:03Z,285.8513ms,True
1,9,2022-06-19T19:12:03Z,2022-06-19T19:12:03Z,288.5088ms,True
1,11,2022-06-19T19:12:03Z,2022-06-19T19:12:03Z,270.606ms,True
1,16,2022-06-19T19:12:03Z,2022-06-19T19:12:04Z,257.8916ms,True
1,12,2022-06-19T19:12:04Z,2022-06-19T19:12:04Z,262.9668ms,True
1,10,2022-06-19T19:12:04Z,2022-06-19T19:12:04Z,273.1872ms,True
1,3,2022-06-19T19:12:04Z,2022-06-19T19:12:04Z,269.8876ms,True
1,4,2022-06-19T19:12:04Z,2022-06-19T19:12:05Z,267.1252ms,True
1,2,2022-06-19T19:12:05Z,2022-06-19T19:12:05Z,284.3604ms,True
1,8,2022-06-19T19:12:05Z,2022-06-19T19:12:05Z,254.2555ms,True
1,9,2022-06-19T19:12:05Z,2022-06-19T19:12:05Z,254.1144ms,True
1,10,2022-06-19T19:12:05Z,2022-06-19T19:12:06Z,257.022ms,True
1,1,2022-06-19T19:12:06Z,2022-06-19T19:12:06Z,362.7393ms,True
1,9,2022-06-19T19:12:06Z,2022-06-19T19:12:06Z,282.8691ms,True
1,11,2022-06-19T19:12:06Z,2022-06-19T19:12:07Z,275.1441ms,True
1,16,2022-06-19T19:12:07Z,2022-06-19T19:12:07Z,260.6113ms,True
1,12,2022-06-19T19:12:07Z,2022-06-19T19:12:07Z,274.7178ms,True
1,10,2022-06-19T19:12:07Z,2022-06-19T19:12:07Z,288.7ms,True
1,3,2022-06-19T19:12:07Z,2022-06-19T19:12:08Z,274.6777ms,True
1,4,2022-06-19T19:12:08Z,2022-06-19T19:12:08Z,266.1119ms,True
1,2,2022-06-19T19:12:08Z,2022-06-19T19:12:08Z,270.7663ms,True
1,8,2022-06-19T19:12:08Z,2022-06-19T19:12:08Z,269.0082ms,True
1,9,2022-06-19T19:12:08Z,2022-06-19T19:12:09Z,260.6891ms,True
1,10,2022-06-19T19:12:09Z,2022-06-19T19:12:09Z,251.5946ms,True
1,1,2022-06-19T19:12:09Z,2022-06-19T19:12:09Z,267.733ms,True
1,9,2022-06-19T19:12:09Z,2022-06-19T19:12:10Z,278.2897ms,True
1,11,2022-06-19T19:12:10Z,2022-06-19T19:12:10Z,268.9983ms,True
1,16,2022-06-19T19:12:10Z,2022-06-19T19:12:10Z,262.4499ms,True
1,12,2022-06-19T19:12:10Z,2022-06-19T19:12:10Z,263.2225ms,True
1,10,2022-06-19T19:12:10Z,2022-06-19T19:12:11Z,266.8822ms,True
1,3,2022-06-19T19:12:11Z,2022-06-19T19:12:11Z,272.3531ms,True
1,4,2022-06-19T19:12:11Z,2022-06-19T19:12:11Z,271.3405ms,True
1,2,2022-06-19T19:12:11Z,2022-06-19T19:12:11Z,273.0052ms,True
1,8,2022-06-19T19:12:11Z,2022-06-19T19:12:12Z,255.8239ms,True
1,9,2022-06-19T19:12:12Z,2022-06-19T19:12:12Z,252.6475ms,True
1,10,2022-06-19T19:12:12Z,2022-06-19T19:12:12Z,258.8822ms,True
1,1,2022-06-19T19:12:12Z,2022-06-19T19:12:12Z,274.3469ms,True
1,9,2022-06-19T19:12:12Z,2022-06-19T19:12:13Z,269.1874ms,True
1,11,2022-06-19T19:12:13Z,2022-06-19T19:12:13Z,277.605ms,True
1,16,2022-06-19T19:12:13Z,2022-06-19T19:12:13Z,266.1038ms,True
1,12,2022-06-19T19:12:13Z,2022-06-19T19:12:14Z,927.2722ms,True
1,10,2022-06-19T19:12:14Z,2022-06-19T19:12:14Z,308.5081ms,True
1,3,2022-06-19T19:12:14Z,2022-06-19T19:12:15Z,295.9216ms,True
1,4,2022-06-19T19:12:15Z,2022-06-19T19:12:15Z,320.7479ms,True
1,2,2022-06-19T19:12:15Z,2022-06-19T19:12:15Z,294.0907ms,True
1,8,2022-06-19T19:12:15Z,2022-06-19T19:12:16Z,257.3797ms,True
1,9,2022-06-19T19:12:16Z,2022-06-19T19:12:16Z,271.9324ms,True
1,10,2022-06-19T19:12:16Z,2022-06-19T19:12:16Z,266.9148ms,True
1,1,2022-06-19T19:12:16Z,2022-06-19T19:12:16Z,293.5304ms,True
1,9,2022-06-19T19:12:16Z,2022-06-19T19:12:17Z,275.1668ms,True
1,11,2022-06-19T19:12:17Z,2022-06-19T19:12:17Z,272.7973ms,True
1,16,2022-06-19T19:12:17Z,2022-06-19T19:12:17Z,254.4468ms,True
1,12,2022-06-19T19:12:17Z,2022-06-19T19:12:18Z,291.8274ms,True
1,10,2022-06-19T19:12:18Z,2022-06-19T19:12:18Z,271.8109ms,True
1,3,2022-06-19T19:12:18Z,2022-06-19T19:12:18Z,295.7786ms,True
1,4,2022-06-19T19:12:18Z,2022-06-19T19:12:18Z,281.1761ms,True
1,2,2022-06-19T19:12:18Z,2022-06-19T19:12:19Z,274.027ms,True
1,8,2022-06-19T19:12:19Z,2022-06-19T19:12:19Z,257.7411ms,True
1,9,2022-06-19T19:12:19Z,2022-06-19T19:12:19Z,258.9412ms,True
1,10,2022-06-19T19:12:19Z,2022-06-19T19:12:19Z,264.4181ms,True
1,1,2022-06-19T19:12:19Z,2022-06-19T19:12:20Z,265.9884ms,True
1,9,2022-06-19T19:12:20Z,2022-06-19T19:12:20Z,279.4747ms,True
1,11,2022-06-19T19:12:20Z,2022-06-19T19:12:20Z,270.5765ms,True
1,16,2022-06-19T19:12:20Z,2022-06-19T19:12:21Z,254.9244ms,True
1,12,2022-06-19T19:12:21Z,2022-06-19T19:12:21Z,264.973ms,True
1,10,2022-06-19T19:12:21Z,2022-06-19T19:12:21Z,309.2455ms,True
1,3,2022-06-19T19:12:21Z,2022-06-19T19:12:21Z,266.2461ms,True
1,4,2022-06-19T19:12:21Z,2022-06-19T19:12:22Z,263.1002ms,True
1,2,2022-06-19T19:12:22Z,2022-06-19T19:12:22Z,271.4492ms,True
1,8,2022-06-19T19:12:22Z,2022-06-19T19:12:22Z,256.0473ms,True
1,9,2022-06-19T19:12:22Z,2022-06-19T19:12:22Z,251.6086ms,True
1,10,2022-06-19T19:12:22Z,2022-06-19T19:12:23Z,256.5665ms,True
1,1,2022-06-19T19:12:23Z,2022-06-19T19:12:23Z,277.0383ms,True
1,9,2022-06-19T19:12:23Z,2022-06-19T19:12:23Z,275.9044ms,True
1,11,2022-06-19T19:12:23Z,2022-06-19T19:12:24Z,281.323ms,True
1,16,2022-06-19T19:12:24Z,2022-06-19T19:12:24Z,257.6751ms,True
1,12,2022-06-19T19:12:24Z,2022-06-19T19:12:24Z,269.6723ms,True
1,10,2022-06-19T19:12:24Z,2022-06-19T19:12:24Z,270.703ms,True
1,3,2022-06-19T19:12:24Z,2022-06-19T19:12:25Z,297.8859ms,True
1,4,2022-06-19T19:12:25Z,2022-06-19T19:12:25Z,271.5168ms,True
1,2,2022-06-19T19:12:25Z,2022-06-19T19:12:25Z,286.4195ms,True
1,8,2022-06-19T19:11:52Z,2022-06-19T19:11:52Z,301.042ms,True
1,9,2022-06-19T19:11:52Z,2022-06-19T19:11:53Z,282.3225ms,True
1,10,2022-06-19T19:11:53Z,2022-06-19T19:11:53Z,255.291ms,True
1,1,2022-06-19T19:11:53Z,2022-06-19T19:11:53Z,254.8378ms,True
1,9,2022-06-19T19:11:53Z,2022-06-19T19:11:53Z,259.8679ms,True
1,11,2022-06-19T19:11:53Z,2022-06-19T19:11:54Z,250.0229ms,True
1,16,2022-06-19T19:11:54Z,2022-06-19T19:11:54Z,259.199ms,True
1,12,2022-06-19T19:11:54Z,2022-06-19T19:11:54Z,263.7717ms,True
1,10,2022-06-19T19:11:54Z,2022-06-19T19:11:54Z,262.1734ms,True
1,3,2022-06-19T19:11:54Z,2022-06-19T19:11:55Z,273.7266ms,True
1,4,2022-06-19T19:11:55Z,2022-06-19T19:11:55Z,270.5142ms,True
1,2,2022-06-19T19:11:55Z,2022-06-19T19:11:55Z,269.4443ms,True
1,8,2022-06-19T19:11:55Z,2022-06-19T19:11:55Z,255.719ms,True
1,9,2022-06-19T19:11:55Z,2022-06-19T19:11:56Z,252.0267ms,True
1,10,2022-06-19T19:11:56Z,2022-06-19T19:11:56Z,252.8038ms,True
1,1,2022-06-19T19:11:56Z,2022-06-19T19:11:56Z,268.7373ms,True
1,9,2022-06-19T19:11:56Z,2022-06-19T19:11:56Z,280.0929ms,True
1,11,2022-06-19T19:11:56Z,2022-06-19T19:11:57Z,275.2458ms,True
1,16,2022-06-19T19:11:57Z,2022-06-19T19:11:57Z,254.5666ms,True
1,12,2022-06-19T19:11:57Z,2022-06-19T19:11:57Z,271.8863ms,True
1,10,2022-06-19T19:11:57Z,2022-06-19T19:11:58Z,262.7609ms,True
1,3,2022-06-19T19:11:58Z,2022-06-19T19:11:58Z,283.7074ms,True
1,4,2022-06-19T19:11:58Z,2022-06-19T19:11:58Z,264.479ms,True
1,2,2022-06-19T19:11:58Z,2022-06-19T19:11:58Z,266.6104ms,True
1,8,2022-06-19T19:11:58Z,2022-06-19T19:11:59Z,250.5338ms,True
1,9,2022-06-19T19:11:59Z,2022-06-19T19:11:59Z,258.1251ms,True
1,10,2022-06-19T19:11:59Z,2022-06-19T19:11:59Z,290.3343ms,True
1,1,2022-06-19T19:11:59Z,2022-06-19T19:11:59Z,266.2918ms,True
1,9,2022-06-19T19:11:59Z,2022-06-19T19:12:00Z,270.4262ms,True
1,11,2022-06-19T19:12:00Z,2022-06-19T19:12:00Z,267.594ms,True
1,16,2022-06-19T19:12:00Z,2022-06-19T19:12:00Z,256.7646ms,True
1,12,2022-06-19T19:12:00Z,2022-06-19T19:12:00Z,260.8462ms,True
1,10,2022-06-19T19:12:00Z,2022-06-19T19:12:01Z,269.1227ms,True
1,3,2022-06-19T19:12:01Z,2022-06-19T19:12:01Z,267.8604ms,True
1,4,2022-06-19T19:12:01Z,2022-06-19T19:12:01Z,266.3648ms,True
1,2,2022-06-19T19:12:01Z,2022-06-19T19:12:02Z,277.4638ms,True
1,8,2022-06-19T19:12:02Z,2022-06-19T19:12:02Z,250.3291ms,True
1,9,2022-06-19T19:12:02Z,2022-06-19T19:12:02Z,257.4759ms,True
1,10,2022-06-19T19:12:02Z,2022-06-19T19:12:02Z,259.8585ms,True
1,1,2022-06-19T19:12:02Z,2022-06-19T19:12:03Z,269.3581ms,True
1,9,2022-06-19T19:12:03Z,2022-06-19T19:12:03Z,265.3525ms,True
1,11,2022-06-19T19:12:03Z,2022-06-19T19:12:03Z,271.1976ms,True
1,16,2022-06-19T19:12:03Z,2022-06-19T19:12:03Z,252.6784ms,True
1,12,2022-06-19T19:12:03Z,2022-06-19T19:12:04Z,268.3755ms,True
1,10,2022-06-19T19:12:04Z,2022-06-19T19:12:04Z,272.4258ms,True
1,3,2022-06-19T19:12:04Z,2022-06-19T19:12:04Z,272.7033ms,True
1,4,2022-06-19T19:12:04Z,2022-06-19T19:12:04Z,275.4428ms,True
1,2,2022-06-19T19:12:04Z,2022-06-19T19:12:05Z,277.4651ms,True
1,8,2022-06-19T19:12:05Z,2022-06-19T19:12:05Z,260.4354ms,True
1,9,2022-06-19T19:12:05Z,2022-06-19T19:12:05Z,253.8057ms,True
1,10,2022-06-19T19:12:05Z,2022-06-19T19:12:05Z,267.0074ms,True
1,1,2022-06-19T19:12:05Z,2022-06-19T19:12:06Z,269.397ms,True
1,9,2022-06-19T19:12:06Z,2022-06-19T19:12:06Z,277.7324ms,True
1,11,2022-06-19T19:12:06Z,2022-06-19T19:12:06Z,267.2771ms,True
1,16,2022-06-19T19:12:06Z,2022-06-19T19:12:07Z,250.9859ms,True
1,12,2022-06-19T19:12:07Z,2022-06-19T19:12:07Z,282.8745ms,True
1,10,2022-06-19T19:12:07Z,2022-06-19T19:12:07Z,406.9136ms,True
1,3,2022-06-19T19:12:07Z,2022-06-19T19:12:08Z,308.8525ms,True
1,4,2022-06-19T19:12:08Z,2022-06-19T19:12:08Z,279.5766ms,True
1,2,2022-06-19T19:12:08Z,2022-06-19T19:12:08Z,289.1165ms,True
1,8,2022-06-19T19:12:08Z,2022-06-19T19:12:08Z,266.5601ms,True
1,9,2022-06-19T19:12:08Z,2022-06-19T19:12:09Z,252.5013ms,True
1,10,2022-06-19T19:12:09Z,2022-06-19T19:12:09Z,257.9319ms,True
1,1,2022-06-19T19:12:09Z,2022-06-19T19:12:09Z,267.2885ms,True
1,9,2022-06-19T19:12:09Z,2022-06-19T19:12:09Z,279.5888ms,True
1,11,2022-06-19T19:12:09Z,2022-06-19T19:12:10Z,265.6867ms,True
1,16,2022-06-19T19:12:10Z,2022-06-19T19:12:10Z,259.6218ms,True
1,12,2022-06-19T19:12:10Z,2022-06-19T19:12:10Z,265.0311ms,True
1,10,2022-06-19T19:12:10Z,2022-06-19T19:12:11Z,273.8496ms,True
1,3,2022-06-19T19:12:11Z,2022-06-19T19:12:11Z,271.581ms,True
1,4,2022-06-19T19:12:11Z,2022-06-19T19:12:11Z,284.978ms,True
1,2,2022-06-19T19:12:11Z,2022-06-19T19:12:11Z,262.7953ms,True
1,8,2022-06-19T19:12:11Z,2022-06-19T19:12:12Z,262.0236ms,True
1,9,2022-06-19T19:12:12Z,2022-06-19T19:12:12Z,259.2527ms,True
1,10,2022-06-19T19:12:12Z,2022-06-19T19:12:12Z,252.4045ms,True
1,1,2022-06-19T19:12:12Z,2022-06-19T19:12:12Z,291.3197ms,True
1,9,2022-06-19T19:12:12Z,2022-06-19T19:12:13Z,280.9034ms,True
1,11,2022-06-19T19:12:13Z,2022-06-19T19:12:13Z,273.7121ms,True
1,16,2022-06-19T19:12:13Z,2022-06-19T19:12:13Z,271.7733ms,True
1,12,2022-06-19T19:12:13Z,2022-06-19T19:12:14Z,945.7652ms,True
1,10,2022-06-19T19:12:14Z,2022-06-19T19:12:14Z,310.3137ms,True
1,3,2022-06-19T19:12:14Z,2022-06-19T19:12:15Z,299.8948ms,True
1,4,2022-06-19T19:12:15Z,2022-06-19T19:12:15Z,314.9566ms,True
1,2,2022-06-19T19:12:15Z,2022-06-19T19:12:15Z,300.5132ms,True
1,8,2022-06-19T19:12:15Z,2022-06-19T19:12:16Z,276.501ms,True
1,9,2022-06-19T19:12:16Z,2022-06-19T19:12:16Z,252.3912ms,True
1,10,2022-06-19T19:12:16Z,2022-06-19T19:12:16Z,261.6041ms,True
1,1,2022-06-19T19:12:16Z,2022-06-19T19:12:16Z,283.5603ms,True
1,9,2022-06-19T19:12:16Z,2022-06-19T19:12:17Z,277.5315ms,True
1,11,2022-06-19T19:12:17Z,2022-06-19T19:12:17Z,270.38ms,True
1,16,2022-06-19T19:12:17Z,2022-06-19T19:12:17Z,256.1594ms,True
1,12,2022-06-19T19:12:17Z,2022-06-19T19:12:18Z,307.2878ms,True
1,10,2022-06-19T19:12:18Z,2022-06-19T19:12:18Z,280.5647ms,True
1,3,2022-06-19T19:12:18Z,2022-06-19T19:12:18Z,299.133ms,True
1,4,2022-06-19T19:12:18Z,2022-06-19T19:12:18Z,301.0685ms,True
1,2,2022-06-19T19:12:18Z,2022-06-19T19:12:19Z,290.7495ms,True
1,8,2022-06-19T19:12:19Z,2022-06-19T19:12:19Z,263.1986ms,True
1,9,2022-06-19T19:12:19Z,2022-06-19T19:12:19Z,263.0185ms,True
1,10,2022-06-19T19:12:19Z,2022-06-19T19:12:20Z,265.5374ms,True
1,1,2022-06-19T19:12:20Z,2022-06-19T19:12:20Z,287.4912ms,True
1,9,2022-06-19T19:12:20Z,2022-06-19T19:12:20Z,275.9632ms,True
1,11,2022-06-19T19:12:20Z,2022-06-19T19:12:20Z,270.0465ms,True
1,16,2022-06-19T19:12:20Z,2022-06-19T19:12:21Z,254.9934ms,True
1,12,2022-06-19T19:12:21Z,2022-06-19T19:12:21Z,268.6049ms,True
1,10,2022-06-19T19:12:21Z,2022-06-19T19:12:21Z,268.2237ms,True
1,3,2022-06-19T19:12:21Z,2022-06-19T19:12:21Z,272.6816ms,True
1,4,2022-06-19T19:12:21Z,2022-06-19T19:12:22Z,266.5105ms,True
1,2,2022-06-19T19:12:22Z,2022-06-19T19:12:22Z,314.1434ms,True
1,8,2022-06-19T19:12:22Z,2022-06-19T19:12:22Z,273.7501ms,True
1,9,2022-06-19T19:12:22Z,2022-06-19T19:12:23Z,255.0003ms,True
1,10,2022-06-19T19:12:23Z,2022-06-19T19:12:23Z,257.3674ms,True
1,1,2022-06-19T19:12:23Z,2022-06-19T19:12:23Z,270.5759ms,True
1,9,2022-06-19T19:12:23Z,2022-06-19T19:12:23Z,271.9182ms,True
1,11,2022-06-19T19:12:23Z,2022-06-19T19:12:24Z,270.9836ms,True
1,16,2022-06-19T19:12:24Z,2022-06-19T19:12:24Z,261.251ms,True
1,12,2022-06-19T19:12:24Z,2022-06-19T19:12:24Z,264.7357ms,True
1,10,2022-06-19T19:12:24Z,2022-06-19T19:12:24Z,272.6717ms,True
1,3,2022-06-19T19:12:24Z,2022-06-19T19:12:25Z,279.2414ms,True
1,4,2022-06-19T19:12:25Z,2022-06-19T19:12:25Z,273.7616ms,True
1,2,2022-06-19T19:12:25Z,2022-06-19T19:12:25Z,279.0362ms,True
1,1,2022-06-19T19:11:52Z,2022-06-19T19:11:52Z,305.4965ms,True
1,3,2022-06-19T19:11:52Z,2022-06-19T19:11:53Z,305.941ms,True
1,5,2022-06-19T19:11:53Z,2022-06-19T19:11:53Z,254.6813ms,True
1,15,2022-06-19T19:11:53Z,2022-06-19T19:11:53Z,297.0734ms,True
1,13,2022-06-19T19:11:53Z,2022-06-19T19:11:53Z,279.7729ms,True
1,14,2022-06-19T19:11:53Z,2022-06-19T19:11:54Z,265.716ms,True
1,8,2022-06-19T19:11:54Z,2022-06-19T19:11:54Z,261.5454ms,True
1,16,2022-06-19T19:11:54Z,2022-06-19T19:11:54Z,276.8147ms,True
1,6,2022-06-19T19:11:54Z,2022-06-19T19:11:54Z,262.1589ms,True
1,4,2022-06-19T19:11:54Z,2022-06-19T19:11:55Z,269.4419ms,True
1,2,2022-06-19T19:11:55Z,2022-06-19T19:11:55Z,268.5271ms,True
1,14,2022-06-19T19:11:55Z,2022-06-19T19:11:55Z,258.899ms,True
1,1,2022-06-19T19:11:55Z,2022-06-19T19:11:56Z,298.7213ms,True
1,3,2022-06-19T19:11:56Z,2022-06-19T19:11:56Z,269.3059ms,True
1,5,2022-06-19T19:11:56Z,2022-06-19T19:11:56Z,277.8705ms,True
1,15,2022-06-19T19:11:56Z,2022-06-19T19:11:56Z,270.7166ms,True
1,13,2022-06-19T19:11:56Z,2022-06-19T19:11:57Z,280.5846ms,True
1,14,2022-06-19T19:11:57Z,2022-06-19T19:11:57Z,264.9751ms,True
1,8,2022-06-19T19:11:57Z,2022-06-19T19:11:57Z,255.4031ms,True
1,16,2022-06-19T19:11:57Z,2022-06-19T19:11:57Z,275.8229ms,True
1,6,2022-06-19T19:11:57Z,2022-06-19T19:11:58Z,280.3588ms,True
1,4,2022-06-19T19:11:58Z,2022-06-19T19:11:58Z,269.1332ms,True
1,2,2022-06-19T19:11:58Z,2022-06-19T19:11:58Z,272.4005ms,True
1,14,2022-06-19T19:11:58Z,2022-06-19T19:11:59Z,259.9845ms,True
1,1,2022-06-19T19:11:59Z,2022-06-19T19:11:59Z,266.0251ms,True
1,3,2022-06-19T19:11:59Z,2022-06-19T19:11:59Z,291.7284ms,True
1,5,2022-06-19T19:11:59Z,2022-06-19T19:11:59Z,278.1666ms,True
1,15,2022-06-19T19:11:59Z,2022-06-19T19:12:00Z,274.2238ms,True
1,13,2022-06-19T19:12:00Z,2022-06-19T19:12:00Z,264.3715ms,True
1,14,2022-06-19T19:12:00Z,2022-06-19T19:12:00Z,270.0125ms,True
1,8,2022-06-19T19:12:00Z,2022-06-19T19:12:00Z,256.7278ms,True
1,16,2022-06-19T19:12:00Z,2022-06-19T19:12:01Z,275.1342ms,True
1,6,2022-06-19T19:12:01Z,2022-06-19T19:12:01Z,260.7908ms,True
1,4,2022-06-19T19:12:01Z,2022-06-19T19:12:01Z,266.7049ms,True
1,2,2022-06-19T19:12:01Z,2022-06-19T19:12:01Z,260.8852ms,True
1,14,2022-06-19T19:12:01Z,2022-06-19T19:12:02Z,259.4545ms,True
1,1,2022-06-19T19:12:02Z,2022-06-19T19:12:02Z,264.3925ms,True
1,3,2022-06-19T19:12:02Z,2022-06-19T19:12:02Z,269.9267ms,True
1,5,2022-06-19T19:12:02Z,2022-06-19T19:12:03Z,267.0074ms,True
1,15,2022-06-19T19:12:03Z,2022-06-19T19:12:03Z,274.1713ms,True
1,13,2022-06-19T19:12:03Z,2022-06-19T19:12:03Z,278.408ms,True
1,14,2022-06-19T19:12:03Z,2022-06-19T19:12:03Z,261.7515ms,True
1,8,2022-06-19T19:12:03Z,2022-06-19T19:12:04Z,263.1815ms,True
1,16,2022-06-19T19:12:04Z,2022-06-19T19:12:04Z,283.2491ms,True
1,6,2022-06-19T19:12:04Z,2022-06-19T19:12:04Z,270.2265ms,True
1,4,2022-06-19T19:12:04Z,2022-06-19T19:12:04Z,272.6017ms,True
1,2,2022-06-19T19:12:04Z,2022-06-19T19:12:05Z,268.4466ms,True
1,14,2022-06-19T19:12:05Z,2022-06-19T19:12:05Z,254.8409ms,True
1,1,2022-06-19T19:12:05Z,2022-06-19T19:12:05Z,277.3517ms,True
1,3,2022-06-19T19:12:05Z,2022-06-19T19:12:06Z,269.1435ms,True
1,5,2022-06-19T19:12:06Z,2022-06-19T19:12:06Z,275.2833ms,True
1,15,2022-06-19T19:12:06Z,2022-06-19T19:12:06Z,272.9081ms,True
1,13,2022-06-19T19:12:06Z,2022-06-19T19:12:06Z,277.0206ms,True
1,14,2022-06-19T19:12:06Z,2022-06-19T19:12:07Z,274.5887ms,True
1,8,2022-06-19T19:12:07Z,2022-06-19T19:12:07Z,257.4927ms,True
1,16,2022-06-19T19:12:07Z,2022-06-19T19:12:07Z,383.7948ms,True
1,6,2022-06-19T19:12:07Z,2022-06-19T19:12:08Z,302.8837ms,True
1,4,2022-06-19T19:12:08Z,2022-06-19T19:12:08Z,305.2011ms,True
1,2,2022-06-19T19:12:08Z,2022-06-19T19:12:08Z,297.8114ms,True
1,14,2022-06-19T19:12:08Z,2022-06-19T19:12:08Z,282.4462ms,True
1,1,2022-06-19T19:12:08Z,2022-06-19T19:12:09Z,276.177ms,True
1,3,2022-06-19T19:12:09Z,2022-06-19T19:12:09Z,267.774ms,True
1,5,2022-06-19T19:12:09Z,2022-06-19T19:12:09Z,269.9071ms,True
1,15,2022-06-19T19:12:09Z,2022-06-19T19:12:10Z,270.1738ms,True
1,13,2022-06-19T19:12:10Z,2022-06-19T19:12:10Z,269.2956ms,True
1,14,2022-06-19T19:12:10Z,2022-06-19T19:12:10Z,264.6618ms,True
1,8,2022-06-19T19:12:10Z,2022-06-19T19:12:10Z,253.7089ms,True
1,16,2022-06-19T19:12:10Z,2022-06-19T19:12:11Z,276.3254ms,True
1,6,2022-06-19T19:12:11Z,2022-06-19T19:12:11Z,266.3737ms,True
1,4,2022-06-19T19:12:11Z,2022-06-19T19:12:11Z,269.4637ms,True
1,2,2022-06-19T19:12:11Z,2022-06-19T19:12:11Z,270.2518ms,True
1,14,2022-06-19T19:12:11Z,2022-06-19T19:12:12Z,257.6233ms,True
1,1,2022-06-19T19:12:12Z,2022-06-19T19:12:12Z,269.6183ms,True
1,3,2022-06-19T19:12:12Z,2022-06-19T19:12:12Z,276.5456ms,True
1,5,2022-06-19T19:12:12Z,2022-06-19T19:12:12Z,267.8237ms,True
1,15,2022-06-19T19:12:12Z,2022-06-19T19:12:13Z,272.1257ms,True
1,13,2022-06-19T19:12:13Z,2022-06-19T19:12:13Z,274.6947ms,True
1,14,2022-06-19T19:12:13Z,2022-06-19T19:12:14Z,1.1396446s,True
1,8,2022-06-19T19:12:14Z,2022-06-19T19:12:14Z,302.4413ms,True
1,16,2022-06-19T19:12:14Z,2022-06-19T19:12:15Z,271.9827ms,True
1,6,2022-06-19T19:12:15Z,2022-06-19T19:12:15Z,269.0271ms,True
1,4,2022-06-19T19:12:15Z,2022-06-19T19:12:15Z,270.8599ms,True
1,2,2022-06-19T19:12:15Z,2022-06-19T19:12:16Z,276.382ms,True
1,14,2022-06-19T19:12:16Z,2022-06-19T19:12:16Z,252.4785ms,True
1,1,2022-06-19T19:12:16Z,2022-06-19T19:12:16Z,278.4637ms,True
1,3,2022-06-19T19:12:16Z,2022-06-19T19:12:16Z,270.3617ms,True
1,5,2022-06-19T19:12:16Z,2022-06-19T19:12:17Z,273.4411ms,True
1,15,2022-06-19T19:12:17Z,2022-06-19T19:12:17Z,270.9391ms,True
1,13,2022-06-19T19:12:17Z,2022-06-19T19:12:17Z,270.1757ms,True
1,14,2022-06-19T19:12:17Z,2022-06-19T19:12:17Z,268.0082ms,True
1,8,2022-06-19T19:12:17Z,2022-06-19T19:12:18Z,265.2319ms,True
1,16,2022-06-19T19:12:18Z,2022-06-19T19:12:18Z,283.8107ms,True
1,6,2022-06-19T19:12:18Z,2022-06-19T19:12:18Z,278.7727ms,True
1,4,2022-06-19T19:12:18Z,2022-06-19T19:12:19Z,278.9879ms,True
1,2,2022-06-19T19:12:19Z,2022-06-19T19:12:19Z,263.0778ms,True
1,14,2022-06-19T19:12:19Z,2022-06-19T19:12:19Z,258.3433ms,True
1,1,2022-06-19T19:12:19Z,2022-06-19T19:12:19Z,287.1919ms,True
1,3,2022-06-19T19:12:19Z,2022-06-19T19:12:20Z,292.7765ms,True
1,5,2022-06-19T19:12:20Z,2022-06-19T19:12:20Z,281.8101ms,True
1,15,2022-06-19T19:12:20Z,2022-06-19T19:12:20Z,279.8748ms,True
1,13,2022-06-19T19:12:20Z,2022-06-19T19:12:20Z,276.0543ms,True
1,14,2022-06-19T19:12:20Z,2022-06-19T19:12:21Z,271.6571ms,True
1,8,2022-06-19T19:12:21Z,2022-06-19T19:12:21Z,262.499ms,True
1,16,2022-06-19T19:12:21Z,2022-06-19T19:12:21Z,275.7179ms,True
1,6,2022-06-19T19:12:21Z,2022-06-19T19:12:22Z,270.5824ms,True
1,4,2022-06-19T19:12:22Z,2022-06-19T19:12:22Z,273.7267ms,True
1,2,2022-06-19T19:12:22Z,2022-06-19T19:12:22Z,270.4923ms,True
1,14,2022-06-19T19:12:22Z,2022-06-19T19:12:22Z,300.2693ms,True
1,1,2022-06-19T19:12:22Z,2022-06-19T19:12:23Z,278.8065ms,True
1,3,2022-06-19T19:12:23Z,2022-06-19T19:12:23Z,286.2254ms,True
1,5,2022-06-19T19:12:23Z,2022-06-19T19:12:23Z,275.5754ms,True
1,15,2022-06-19T19:12:23Z,2022-06-19T19:12:24Z,277.6201ms,True
1,13,2022-06-19T19:12:24Z,2022-06-19T19:12:24Z,280.2049ms,True
1,14,2022-06-19T19:12:24Z,2022-06-19T19:12:24Z,269.3236ms,True
1,8,2022-06-19T19:12:24Z,2022-06-19T19:12:24Z,258.7277ms,True
1,16,2022-06-19T19:12:24Z,2022-06-19T19:12:25Z,295.7794ms,True
1,6,2022-06-19T19:12:25Z,2022-06-19T19:12:25Z,275.5008ms,True
1,4,2022-06-19T19:12:25Z,2022-06-19T19:12:25Z,278.0293ms,True
1,2,2022-06-19T19:12:25Z,2022-06-19T19:12:25Z,266.7786ms,True
1,14,2022-06-19T19:12:25Z,2022-06-19T19:12:26Z,261.0688ms,True
1,1,2022-06-19T19:11:52Z,2022-06-19T19:11:52Z,297.4272ms,True
1,3,2022-06-19T19:11:52Z,2022-06-19T19:11:53Z,286.0328ms,True
1,5,2022-06-19T19:11:53Z,2022-06-19T19:11:53Z,254.7147ms,True
1,15,2022-06-19T19:11:53Z,2022-06-19T19:11:53Z,283.4968ms,True
1,13,2022-06-19T19:11:53Z,2022-06-19T19:11:53Z,271.5108ms,True
1,14,2022-06-19T19:11:53Z,2022-06-19T19:11:54Z,269.1643ms,True
1,8,2022-06-19T19:11:54Z,2022-06-19T19:11:54Z,256.2161ms,True
1,16,2022-06-19T19:11:54Z,2022-06-19T19:11:54Z,274.4672ms,True
1,6,2022-06-19T19:11:54Z,2022-06-19T19:11:54Z,271.5654ms,True
1,4,2022-06-19T19:11:54Z,2022-06-19T19:11:55Z,279.092ms,True
1,2,2022-06-19T19:11:55Z,2022-06-19T19:11:55Z,273.5543ms,True
1,14,2022-06-19T19:11:55Z,2022-06-19T19:11:55Z,258.1407ms,True
1,1,2022-06-19T19:11:55Z,2022-06-19T19:11:55Z,267.4849ms,True
1,3,2022-06-19T19:11:55Z,2022-06-19T19:11:56Z,270.2434ms,True
1,5,2022-06-19T19:11:56Z,2022-06-19T19:11:56Z,269.6487ms,True
1,15,2022-06-19T19:11:56Z,2022-06-19T19:11:56Z,274.0434ms,True
1,13,2022-06-19T19:11:56Z,2022-06-19T19:11:57Z,265.0251ms,True
1,14,2022-06-19T19:11:57Z,2022-06-19T19:11:57Z,270.2563ms,True
1,8,2022-06-19T19:11:57Z,2022-06-19T19:11:57Z,255.2422ms,True
1,16,2022-06-19T19:11:57Z,2022-06-19T19:11:57Z,271.0121ms,True
1,6,2022-06-19T19:11:57Z,2022-06-19T19:11:58Z,279.5263ms,True
1,4,2022-06-19T19:11:58Z,2022-06-19T19:11:58Z,267.4023ms,True
1,2,2022-06-19T19:11:58Z,2022-06-19T19:11:58Z,269.2041ms,True
1,14,2022-06-19T19:11:58Z,2022-06-19T19:11:58Z,256.7454ms,True
1,1,2022-06-19T19:11:58Z,2022-06-19T19:11:59Z,275.4648ms,True
1,3,2022-06-19T19:11:59Z,2022-06-19T19:11:59Z,281.5593ms,True
1,5,2022-06-19T19:11:59Z,2022-06-19T19:11:59Z,276.378ms,True
1,15,2022-06-19T19:11:59Z,2022-06-19T19:12:00Z,275.8361ms,True
1,13,2022-06-19T19:12:00Z,2022-06-19T19:12:00Z,269.5199ms,True
1,14,2022-06-19T19:12:00Z,2022-06-19T19:12:00Z,266.6363ms,True
1,8,2022-06-19T19:12:00Z,2022-06-19T19:12:00Z,251.4542ms,True
1,16,2022-06-19T19:12:00Z,2022-06-19T19:12:01Z,271.5278ms,True
1,6,2022-06-19T19:12:01Z,2022-06-19T19:12:01Z,272.1884ms,True
1,4,2022-06-19T19:12:01Z,2022-06-19T19:12:01Z,268.5872ms,True
1,2,2022-06-19T19:12:01Z,2022-06-19T19:12:01Z,265.488ms,True
1,14,2022-06-19T19:12:01Z,2022-06-19T19:12:02Z,252.6901ms,True
1,1,2022-06-19T19:12:02Z,2022-06-19T19:12:02Z,267.374ms,True
1,3,2022-06-19T19:12:02Z,2022-06-19T19:12:02Z,273.8429ms,True
1,5,2022-06-19T19:12:02Z,2022-06-19T19:12:02Z,274.5827ms,True
1,15,2022-06-19T19:12:02Z,2022-06-19T19:12:03Z,273.7437ms,True
1,13,2022-06-19T19:12:03Z,2022-06-19T19:12:03Z,287.9055ms,True
1,14,2022-06-19T19:12:03Z,2022-06-19T19:12:03Z,264.2645ms,True
1,8,2022-06-19T19:12:03Z,2022-06-19T19:12:04Z,261.5439ms,True
1,16,2022-06-19T19:12:04Z,2022-06-19T19:12:04Z,275.256ms,True
1,6,2022-06-19T19:12:04Z,2022-06-19T19:12:04Z,265.81ms,True
1,4,2022-06-19T19:12:04Z,2022-06-19T19:12:04Z,273.4129ms,True
1,2,2022-06-19T19:12:04Z,2022-06-19T19:12:05Z,263.0191ms,True
1,14,2022-06-19T19:12:05Z,2022-06-19T19:12:05Z,260.1716ms,True
1,1,2022-06-19T19:12:05Z,2022-06-19T19:12:05Z,263.2141ms,True
1,3,2022-06-19T19:12:05Z,2022-06-19T19:12:05Z,269.7449ms,True
1,5,2022-06-19T19:12:05Z,2022-06-19T19:12:06Z,268.827ms,True
1,15,2022-06-19T19:12:06Z,2022-06-19T19:12:06Z,299.7759ms,True
1,13,2022-06-19T19:12:06Z,2022-06-19T19:12:06Z,273.8729ms,True
1,14,2022-06-19T19:12:06Z,2022-06-19T19:12:07Z,284.874ms,True
1,8,2022-06-19T19:12:07Z,2022-06-19T19:12:07Z,257.5869ms,True
1,16,2022-06-19T19:12:07Z,2022-06-19T19:12:07Z,400.6017ms,True
1,6,2022-06-19T19:12:07Z,2022-06-19T19:12:07Z,280.9994ms,True
1,4,2022-06-19T19:12:07Z,2022-06-19T19:12:08Z,263.6451ms,True
1,2,2022-06-19T19:12:08Z,2022-06-19T19:12:08Z,265.8009ms,True
1,14,2022-06-19T19:12:08Z,2022-06-19T19:12:08Z,258.5842ms,True
1,1,2022-06-19T19:12:08Z,2022-06-19T19:12:09Z,269.5524ms,True
1,3,2022-06-19T19:12:09Z,2022-06-19T19:12:09Z,302.1596ms,True
1,5,2022-06-19T19:12:09Z,2022-06-19T19:12:09Z,269.237ms,True
1,15,2022-06-19T19:12:09Z,2022-06-19T19:12:09Z,284.253ms,True
1,13,2022-06-19T19:12:09Z,2022-06-19T19:12:10Z,271.8216ms,True
1,14,2022-06-19T19:12:10Z,2022-06-19T19:12:10Z,265.4528ms,True
1,8,2022-06-19T19:12:10Z,2022-06-19T19:12:10Z,258.3208ms,True
1,16,2022-06-19T19:12:10Z,2022-06-19T19:12:10Z,275.9456ms,True
1,6,2022-06-19T19:12:10Z,2022-06-19T19:12:11Z,275.3ms,True
1,4,2022-06-19T19:12:11Z,2022-06-19T19:12:11Z,272.0131ms,True
1,2,2022-06-19T19:12:11Z,2022-06-19T19:12:11Z,269.0335ms,True
1,14,2022-06-19T19:12:11Z,2022-06-19T19:12:12Z,267.2814ms,True
1,1,2022-06-19T19:12:12Z,2022-06-19T19:12:12Z,270.5067ms,True
1,3,2022-06-19T19:12:12Z,2022-06-19T19:12:12Z,279.5065ms,True
1,5,2022-06-19T19:12:12Z,2022-06-19T19:12:12Z,282.1787ms,True
1,15,2022-06-19T19:12:12Z,2022-06-19T19:12:13Z,290.5222ms,True
1,13,2022-06-19T19:12:13Z,2022-06-19T19:12:13Z,274.8902ms,True
1,14,2022-06-19T19:12:13Z,2022-06-19T19:12:14Z,1.1923529s,True
1,8,2022-06-19T19:12:14Z,2022-06-19T19:12:14Z,311.9975ms,True
1,16,2022-06-19T19:12:14Z,2022-06-19T19:12:15Z,301.6788ms,True
1,6,2022-06-19T19:12:15Z,2022-06-19T19:12:15Z,319.1407ms,True
1,4,2022-06-19T19:12:15Z,2022-06-19T19:12:15Z,274.0338ms,True
1,2,2022-06-19T19:12:15Z,2022-06-19T19:12:16Z,276.9611ms,True
1,14,2022-06-19T19:12:16Z,2022-06-19T19:12:16Z,261.6455ms,True
1,1,2022-06-19T19:12:16Z,2022-06-19T19:12:16Z,282.5988ms,True
1,3,2022-06-19T19:12:16Z,2022-06-19T19:12:16Z,273.885ms,True
1,5,2022-06-19T19:12:16Z,2022-06-19T19:12:17Z,277.7146ms,True
1,15,2022-06-19T19:12:17Z,2022-06-19T19:12:17Z,278.5228ms,True
1,13,2022-06-19T19:12:17Z,2022-06-19T19:12:17Z,272.4764ms,True
1,14,2022-06-19T19:12:17Z,2022-06-19T19:12:18Z,301.577ms,True
1,8,2022-06-19T19:12:18Z,2022-06-19T19:12:18Z,266.1146ms,True
1,16,2022-06-19T19:12:18Z,2022-06-19T19:12:18Z,315.7625ms,True
1,6,2022-06-19T19:12:18Z,2022-06-19T19:12:18Z,304.5921ms,True
1,4,2022-06-19T19:12:18Z,2022-06-19T19:12:19Z,272.1166ms,True
1,2,2022-06-19T19:12:19Z,2022-06-19T19:12:19Z,276.6123ms,True
1,14,2022-06-19T19:12:19Z,2022-06-19T19:12:19Z,263.8076ms,True
1,1,2022-06-19T19:12:19Z,2022-06-19T19:12:20Z,290.0747ms,True
1,3,2022-06-19T19:12:20Z,2022-06-19T19:12:20Z,289.0003ms,True
1,5,2022-06-19T19:12:20Z,2022-06-19T19:12:20Z,291.6887ms,True
1,15,2022-06-19T19:12:20Z,2022-06-19T19:12:20Z,282.2128ms,True
1,13,2022-06-19T19:12:20Z,2022-06-19T19:12:21Z,273.3802ms,True
1,14,2022-06-19T19:12:21Z,2022-06-19T19:12:21Z,282.171ms,True
1,8,2022-06-19T19:12:21Z,2022-06-19T19:12:21Z,256.8267ms,True
1,16,2022-06-19T19:12:21Z,2022-06-19T19:12:22Z,282.441ms,True
1,6,2022-06-19T19:12:22Z,2022-06-19T19:12:22Z,265.2587ms,True
1,4,2022-06-19T19:12:22Z,2022-06-19T19:12:22Z,270.4682ms,True
1,2,2022-06-19T19:12:22Z,2022-06-19T19:12:22Z,271.6074ms,True
1,14,2022-06-19T19:12:22Z,2022-06-19T19:12:23Z,252.2001ms,True
1,1,2022-06-19T19:12:23Z,2022-06-19T19:12:23Z,277.4286ms,True
1,3,2022-06-19T19:12:23Z,2022-06-19T19:12:23Z,289.1827ms,True
1,5,2022-06-19T19:12:23Z,2022-06-19T19:12:23Z,269.8991ms,True
1,15,2022-06-19T19:12:23Z,2022-06-19T19:12:24Z,273.7913ms,True
1,13,2022-06-19T19:12:24Z,2022-06-19T19:12:24Z,271.3609ms,True
1,14,2022-06-19T19:12:24Z,2022-06-19T19:12:24Z,268.3278ms,True
1,8,2022-06-19T19:12:24Z,2022-06-19T19:12:24Z,259.1446ms,True
1,16,2022-06-19T19:12:24Z,2022-06-19T19:12:25Z,281.4776ms,True
1,6,2022-06-19T19:12:25Z,2022-06-19T19:12:25Z,268.1497ms,True
1,4,2022-06-19T19:12:25Z,2022-06-19T19:12:25Z,271.4764ms,True
1,2,2022-06-19T19:12:25Z,2022-06-19T19:12:26Z,272.0324ms,True
1,14,2022-06-19T19:12:26Z,2022-06-19T19:12:26Z,257.0094ms,True
1,1,2022-06-19T19:11:52Z,2022-06-19T19:11:52Z,303.535ms,True
1,3,2022-06-19T19:11:52Z,2022-06-19T19:11:53Z,298.3232ms,True
1,5,2022-06-19T19:11:53Z,2022-06-19T19:11:53Z,278.0277ms,True
1,6,2022-06-19T19:11:53Z,2022-06-19T19:11:53Z,290.5012ms,True
1,7,2022-06-19T19:11:53Z,2022-06-19T19:11:53Z,275.0492ms,True
1,13,2022-06-19T19:11:53Z,2022-06-19T19:11:54Z,263.1716ms,True
1,14,2022-06-19T19:11:54Z,2022-06-19T19:11:54Z,264.9286ms,True
1,16,2022-06-19T19:11:54Z,2022-06-19T19:11:54Z,288.5087ms,True
1,15,2022-06-19T19:11:54Z,2022-06-19T19:11:54Z,295.651ms,True
1,8,2022-06-19T19:11:54Z,2022-06-19T19:11:55Z,280.2669ms,True
1,4,2022-06-19T19:11:55Z,2022-06-19T19:11:55Z,265.7152ms,True
1,2,2022-06-19T19:11:55Z,2022-06-19T19:11:55Z,270.327ms,True
1,1,2022-06-19T19:11:55Z,2022-06-19T19:11:56Z,265.1957ms,True
1,3,2022-06-19T19:11:56Z,2022-06-19T19:11:56Z,266.2722ms,True
1,5,2022-06-19T19:11:56Z,2022-06-19T19:11:56Z,273.298ms,True
1,6,2022-06-19T19:11:56Z,2022-06-19T19:11:56Z,265.2415ms,True
1,7,2022-06-19T19:11:56Z,2022-06-19T19:11:57Z,272.566ms,True
1,13,2022-06-19T19:11:57Z,2022-06-19T19:11:57Z,272.6044ms,True
1,14,2022-06-19T19:11:57Z,2022-06-19T19:11:57Z,268.5874ms,True
1,16,2022-06-19T19:11:57Z,2022-06-19T19:11:57Z,275.7699ms,True
1,15,2022-06-19T19:11:57Z,2022-06-19T19:11:58Z,295.9606ms,True
1,8,2022-06-19T19:11:58Z,2022-06-19T19:11:58Z,265.0984ms,True
1,4,2022-06-19T19:11:58Z,2022-06-19T19:11:58Z,267.7152ms,True
1,2,2022-06-19T19:11:58Z,2022-06-19T19:11:59Z,263.2282ms,True
1,1,2022-06-19T19:11:59Z,2022-06-19T19:11:59Z,274.9503ms,True
1,3,2022-06-19T19:11:59Z,2022-06-19T19:11:59Z,327.2276ms,True
1,5,2022-06-19T19:11:59Z,2022-06-19T19:11:59Z,282.805ms,True
1,6,2022-06-19T19:11:59Z,2022-06-19T19:12:00Z,269.7212ms,True
1,7,2022-06-19T19:12:00Z,2022-06-19T19:12:00Z,270.2848ms,True
1,13,2022-06-19T19:12:00Z,2022-06-19T19:12:00Z,270.4005ms,True
1,14,2022-06-19T19:12:00Z,2022-06-19T19:12:01Z,267.8667ms,True
1,16,2022-06-19T19:12:01Z,2022-06-19T19:12:01Z,281.5507ms,True
1,15,2022-06-19T19:12:01Z,2022-06-19T19:12:01Z,288.4128ms,True
1,8,2022-06-19T19:12:01Z,2022-06-19T19:12:01Z,265.4028ms,True
1,4,2022-06-19T19:12:01Z,2022-06-19T19:12:02Z,274.3403ms,True
1,2,2022-06-19T19:12:02Z,2022-06-19T19:12:02Z,279.5397ms,True
1,1,2022-06-19T19:12:02Z,2022-06-19T19:12:02Z,271.7934ms,True
1,3,2022-06-19T19:12:02Z,2022-06-19T19:12:02Z,267.6783ms,True
1,5,2022-06-19T19:12:02Z,2022-06-19T19:12:03Z,277.4259ms,True
1,6,2022-06-19T19:12:03Z,2022-06-19T19:12:03Z,282.2463ms,True
1,7,2022-06-19T19:12:03Z,2022-06-19T19:12:03Z,273.9048ms,True
1,13,2022-06-19T19:12:03Z,2022-06-19T19:12:04Z,274.0454ms,True
1,14,2022-06-19T19:12:04Z,2022-06-19T19:12:04Z,263.9903ms,True
1,16,2022-06-19T19:12:04Z,2022-06-19T19:12:04Z,280.1098ms,True
1,15,2022-06-19T19:12:04Z,2022-06-19T19:12:04Z,290.7085ms,True
1,8,2022-06-19T19:12:04Z,2022-06-19T19:12:05Z,273.1287ms,True
1,4,2022-06-19T19:12:05Z,2022-06-19T19:12:05Z,275.6568ms,True
1,2,2022-06-19T19:12:05Z,2022-06-19T19:12:05Z,276.2218ms,True
1,1,2022-06-19T19:12:05Z,2022-06-19T19:12:06Z,282.1161ms,True
1,3,2022-06-19T19:12:06Z,2022-06-19T19:12:06Z,273.0673ms,True
1,5,2022-06-19T19:12:06Z,2022-06-19T19:12:06Z,275.4543ms,True
1,6,2022-06-19T19:12:06Z,2022-06-19T19:12:06Z,278.2348ms,True
1,7,2022-06-19T19:12:06Z,2022-06-19T19:12:07Z,271.832ms,True
1,13,2022-06-19T19:12:07Z,2022-06-19T19:12:07Z,272.25ms,True
1,14,2022-06-19T19:12:07Z,2022-06-19T19:12:07Z,383.6035ms,True
1,16,2022-06-19T19:12:07Z,2022-06-19T19:12:08Z,302.7068ms,True
1,15,2022-06-19T19:12:08Z,2022-06-19T19:12:08Z,302.7845ms,True
1,8,2022-06-19T19:12:08Z,2022-06-19T19:12:08Z,310.8338ms,True
1,4,2022-06-19T19:12:08Z,2022-06-19T19:12:08Z,300.7831ms,True
1,2,2022-06-19T19:12:08Z,2022-06-19T19:12:09Z,277.6288ms,True
1,1,2022-06-19T19:12:09Z,2022-06-19T19:12:09Z,275.57ms,True
1,3,2022-06-19T19:12:09Z,2022-06-19T19:12:09Z,279.2422ms,True
1,5,2022-06-19T19:12:09Z,2022-06-19T19:12:10Z,275.0503ms,True
1,6,2022-06-19T19:12:10Z,2022-06-19T19:12:10Z,281.5981ms,True
1,7,2022-06-19T19:12:10Z,2022-06-19T19:12:10Z,289.4155ms,True
1,13,2022-06-19T19:12:10Z,2022-06-19T19:12:10Z,272.9501ms,True
1,14,2022-06-19T19:12:10Z,2022-06-19T19:12:11Z,273.5718ms,True
1,16,2022-06-19T19:12:11Z,2022-06-19T19:12:11Z,285.8293ms,True
1,15,2022-06-19T19:12:11Z,2022-06-19T19:12:11Z,272.7553ms,True
1,8,2022-06-19T19:12:11Z,2022-06-19T19:12:12Z,276.0655ms,True
1,4,2022-06-19T19:12:12Z,2022-06-19T19:12:12Z,276.2573ms,True
1,2,2022-06-19T19:12:12Z,2022-06-19T19:12:12Z,282.3938ms,True
1,1,2022-06-19T19:12:12Z,2022-06-19T19:12:12Z,279.1477ms,True
1,3,2022-06-19T19:12:12Z,2022-06-19T19:12:13Z,275.1511ms,True
1,5,2022-06-19T19:12:13Z,2022-06-19T19:12:13Z,266.7095ms,True
1,6,2022-06-19T19:12:13Z,2022-06-19T19:12:14Z,1.2394969s,True
1,7,2022-06-19T19:12:14Z,2022-06-19T19:12:14Z,328.8791ms,True
1,13,2022-06-19T19:12:14Z,2022-06-19T19:12:15Z,302.7818ms,True
1,14,2022-06-19T19:12:15Z,2022-06-19T19:12:15Z,315.7613ms,True
1,16,2022-06-19T19:12:15Z,2022-06-19T19:12:15Z,309.5213ms,True
1,15,2022-06-19T19:12:15Z,2022-06-19T19:12:16Z,290.2832ms,True
1,8,2022-06-19T19:12:16Z,2022-06-19T19:12:16Z,282.6567ms,True
1,4,2022-06-19T19:12:16Z,2022-06-19T19:12:16Z,267.8196ms,True
1,2,2022-06-19T19:12:16Z,2022-06-19T19:12:17Z,269.8608ms,True
1,1,2022-06-19T19:12:17Z,2022-06-19T19:12:17Z,284.1495ms,True
1,3,2022-06-19T19:12:17Z,2022-06-19T19:12:17Z,299.4516ms,True
1,5,2022-06-19T19:12:17Z,2022-06-19T19:12:17Z,276.1926ms,True
1,6,2022-06-19T19:12:17Z,2022-06-19T19:12:18Z,271.3041ms,True
1,7,2022-06-19T19:12:18Z,2022-06-19T19:12:18Z,279.4515ms,True
1,13,2022-06-19T19:12:18Z,2022-06-19T19:12:18Z,272.9754ms,True
1,14,2022-06-19T19:12:18Z,2022-06-19T19:12:18Z,274.3272ms,True
1,16,2022-06-19T19:12:18Z,2022-06-19T19:12:19Z,305.6609ms,True
1,15,2022-06-19T19:12:19Z,2022-06-19T19:12:19Z,279.0698ms,True
1,8,2022-06-19T19:12:19Z,2022-06-19T19:12:19Z,284.3477ms,True
1,4,2022-06-19T19:12:19Z,2022-06-19T19:12:20Z,282.5879ms,True
1,2,2022-06-19T19:12:20Z,2022-06-19T19:12:20Z,281.2179ms,True
1,1,2022-06-19T19:12:20Z,2022-06-19T19:12:20Z,277.9572ms,True
1,3,2022-06-19T19:12:20Z,2022-06-19T19:12:20Z,282.8401ms,True
1,5,2022-06-19T19:12:20Z,2022-06-19T19:12:21Z,274.7616ms,True
1,6,2022-06-19T19:12:21Z,2022-06-19T19:12:21Z,272.5117ms,True
1,7,2022-06-19T19:12:21Z,2022-06-19T19:12:21Z,282.6701ms,True
1,13,2022-06-19T19:12:21Z,2022-06-19T19:12:22Z,271.0184ms,True
1,14,2022-06-19T19:12:22Z,2022-06-19T19:12:22Z,267.2861ms,True
1,16,2022-06-19T19:12:22Z,2022-06-19T19:12:22Z,276.1963ms,True
1,15,2022-06-19T19:12:22Z,2022-06-19T19:12:22Z,300.6408ms,True
1,8,2022-06-19T19:12:22Z,2022-06-19T19:12:23Z,272.6089ms,True
1,4,2022-06-19T19:12:23Z,2022-06-19T19:12:23Z,271.6875ms,True
1,2,2022-06-19T19:12:23Z,2022-06-19T19:12:23Z,279.7815ms,True
1,1,2022-06-19T19:12:23Z,2022-06-19T19:12:24Z,270.5183ms,True
1,3,2022-06-19T19:12:24Z,2022-06-19T19:12:24Z,269.4483ms,True
1,5,2022-06-19T19:12:24Z,2022-06-19T19:12:24Z,279.6252ms,True
1,6,2022-06-19T19:12:24Z,2022-06-19T19:12:24Z,270.262ms,True
1,7,2022-06-19T19:12:24Z,2022-06-19T19:12:25Z,285.1489ms,True
1,13,2022-06-19T19:12:25Z,2022-06-19T19:12:25Z,271.0376ms,True
1,14,2022-06-19T19:12:25Z,2022-06-19T19:12:25Z,263.1808ms,True
1,16,2022-06-19T19:12:25Z,2022-06-19T19:12:25Z,280.2733ms,True
1,15,2022-06-19T19:12:25Z,2022-06-19T19:12:26Z,279.1783ms,True
1,8,2022-06-19T19:12:26Z,2022-06-19T19:12:26Z,270.6485ms,True
1,4,2022-06-19T19:12:26Z,2022-06-19T19:12:26Z,269.7714ms,True
1,2,2022-06-19T19:12:26Z,2022-06-19T19:12:27Z,271.9431ms,True
1,1,2022-06-19T19:11:52Z,2022-06-19T19:11:52Z,295.4948ms,True
1,3,2022-06-19T19:11:52Z,2022-06-19T19:11:53Z,317.0633ms,True
1,5,2022-06-19T19:11:53Z,2022-06-19T19:11:53Z,270.1839ms,True
1,6,2022-06-19T19:11:53Z,2022-06-19T19:11:53Z,284.9378ms,True
1,7,2022-06-19T19:11:53Z,2022-06-19T19:11:53Z,284.9639ms,True
1,13,2022-06-19T19:11:53Z,2022-06-19T19:11:54Z,277.0067ms,True
1,14,2022-06-19T19:11:54Z,2022-06-19T19:11:54Z,263.0088ms,True
1,16,2022-06-19T19:11:54Z,2022-06-19T19:11:54Z,281.2014ms,True
1,15,2022-06-19T19:11:54Z,2022-06-19T19:11:54Z,284.2401ms,True
1,8,2022-06-19T19:11:54Z,2022-06-19T19:11:55Z,274.4401ms,True
1,4,2022-06-19T19:11:55Z,2022-06-19T19:11:55Z,273.8553ms,True
1,2,2022-06-19T19:11:55Z,2022-06-19T19:11:55Z,264.7994ms,True
1,1,2022-06-19T19:11:55Z,2022-06-19T19:11:56Z,265.4271ms,True
1,3,2022-06-19T19:11:56Z,2022-06-19T19:11:56Z,269.2791ms,True
1,5,2022-06-19T19:11:56Z,2022-06-19T19:11:56Z,273.298ms,True
1,6,2022-06-19T19:11:56Z,2022-06-19T19:11:56Z,261.3308ms,True
1,7,2022-06-19T19:11:56Z,2022-06-19T19:11:57Z,273.6892ms,True
1,13,2022-06-19T19:11:57Z,2022-06-19T19:11:57Z,271.3922ms,True
1,14,2022-06-19T19:11:57Z,2022-06-19T19:11:57Z,272.6613ms,True
1,16,2022-06-19T19:11:57Z,2022-06-19T19:11:57Z,278.2674ms,True
1,15,2022-06-19T19:11:57Z,2022-06-19T19:11:58Z,288.8851ms,True
1,8,2022-06-19T19:11:58Z,2022-06-19T19:11:58Z,267.2228ms,True
1,4,2022-06-19T19:11:58Z,2022-06-19T19:11:58Z,269.2499ms,True
1,2,2022-06-19T19:11:58Z,2022-06-19T19:11:59Z,262.9968ms,True
1,1,2022-06-19T19:11:59Z,2022-06-19T19:11:59Z,276.2487ms,True
1,3,2022-06-19T19:11:59Z,2022-06-19T19:11:59Z,305.6686ms,True
1,5,2022-06-19T19:11:59Z,2022-06-19T19:11:59Z,279.5434ms,True
1,6,2022-06-19T19:11:59Z,2022-06-19T19:12:00Z,271.9828ms,True
1,7,2022-06-19T19:12:00Z,2022-06-19T19:12:00Z,273.4908ms,True
1,13,2022-06-19T19:12:00Z,2022-06-19T19:12:00Z,269.1492ms,True
1,14,2022-06-19T19:12:00Z,2022-06-19T19:12:01Z,269.9673ms,True
1,16,2022-06-19T19:12:01Z,2022-06-19T19:12:01Z,276.6634ms,True
1,15,2022-06-19T19:12:01Z,2022-06-19T19:12:01Z,282.1103ms,True
1,8,2022-06-19T19:12:01Z,2022-06-19T19:12:01Z,275.5598ms,True
1,4,2022-06-19T19:12:01Z,2022-06-19T19:12:02Z,269.5852ms,True
1,2,2022-06-19T19:12:02Z,2022-06-19T19:12:02Z,267.235ms,True
1,1,2022-06-19T19:12:02Z,2022-06-19T19:12:02Z,265.8881ms,True
1,3,2022-06-19T19:12:02Z,2022-06-19T19:12:02Z,270.5518ms,True
1,5,2022-06-19T19:12:02Z,2022-06-19T19:12:03Z,270.7735ms,True
1,6,2022-06-19T19:12:03Z,2022-06-19T19:12:03Z,281.5307ms,True
1,7,2022-06-19T19:12:03Z,2022-06-19T19:12:03Z,265.9606ms,True
1,13,2022-06-19T19:12:03Z,2022-06-19T19:12:03Z,269.0222ms,True
1,14,2022-06-19T19:12:03Z,2022-06-19T19:12:04Z,273.0877ms,True
1,16,2022-06-19T19:12:04Z,2022-06-19T19:12:04Z,276.9919ms,True
1,15,2022-06-19T19:12:04Z,2022-06-19T19:12:04Z,277.1456ms,True
1,8,2022-06-19T19:12:04Z,2022-06-19T19:12:05Z,267.4436ms,True
1,4,2022-06-19T19:12:05Z,2022-06-19T19:12:05Z,268.7425ms,True
1,2,2022-06-19T19:12:05Z,2022-06-19T19:12:05Z,277.8754ms,True
1,1,2022-06-19T19:12:05Z,2022-06-19T19:12:05Z,271.8982ms,True
1,3,2022-06-19T19:12:05Z,2022-06-19T19:12:06Z,277.2546ms,True
1,5,2022-06-19T19:12:06Z,2022-06-19T19:12:06Z,304.7516ms,True
1,6,2022-06-19T19:12:06Z,2022-06-19T19:12:06Z,273.2074ms,True
1,7,2022-06-19T19:12:06Z,2022-06-19T19:12:07Z,288.095ms,True
1,13,2022-06-19T19:12:07Z,2022-06-19T19:12:07Z,292.5996ms,True
1,14,2022-06-19T19:12:07Z,2022-06-19T19:12:07Z,400.5745ms,True
1,16,2022-06-19T19:12:07Z,2022-06-19T19:12:08Z,314.9658ms,True
1,15,2022-06-19T19:12:08Z,2022-06-19T19:12:08Z,296.9776ms,True
1,8,2022-06-19T19:12:08Z,2022-06-19T19:12:08Z,299.1824ms,True
1,4,2022-06-19T19:12:08Z,2022-06-19T19:12:08Z,304.4582ms,True
1,2,2022-06-19T19:12:08Z,2022-06-19T19:12:09Z,276.841ms,True
1,1,2022-06-19T19:12:09Z,2022-06-19T19:12:09Z,280.8245ms,True
1,3,2022-06-19T19:12:09Z,2022-06-19T19:12:09Z,296.3158ms,True
1,5,2022-06-19T19:12:09Z,2022-06-19T19:12:10Z,272.4257ms,True
1,6,2022-06-19T19:12:10Z,2022-06-19T19:12:10Z,273.4092ms,True
1,7,2022-06-19T19:12:10Z,2022-06-19T19:12:10Z,286.6687ms,True
1,13,2022-06-19T19:12:10Z,2022-06-19T19:12:10Z,269.9531ms,True
1,14,2022-06-19T19:12:10Z,2022-06-19T19:12:11Z,284.4633ms,True
1,16,2022-06-19T19:12:11Z,2022-06-19T19:12:11Z,276.8267ms,True
1,15,2022-06-19T19:12:11Z,2022-06-19T19:12:11Z,289.3173ms,True
1,8,2022-06-19T19:12:11Z,2022-06-19T19:12:12Z,273.341ms,True
1,4,2022-06-19T19:12:12Z,2022-06-19T19:12:12Z,275.3645ms,True
1,2,2022-06-19T19:12:12Z,2022-06-19T19:12:12Z,290.7993ms,True
1,1,2022-06-19T19:12:12Z,2022-06-19T19:12:12Z,288.1295ms,True
1,3,2022-06-19T19:12:12Z,2022-06-19T19:12:13Z,278.899ms,True
1,5,2022-06-19T19:12:13Z,2022-06-19T19:12:13Z,272.1983ms,True
1,6,2022-06-19T19:12:13Z,2022-06-19T19:12:14Z,1.2009475s,True
1,7,2022-06-19T19:12:14Z,2022-06-19T19:12:14Z,324.8736ms,True
1,13,2022-06-19T19:12:14Z,2022-06-19T19:12:15Z,308.8989ms,True
1,14,2022-06-19T19:12:15Z,2022-06-19T19:12:15Z,319.2507ms,True
1,16,2022-06-19T19:12:15Z,2022-06-19T19:12:15Z,299.2545ms,True
1,15,2022-06-19T19:12:15Z,2022-06-19T19:12:16Z,294.9527ms,True
1,8,2022-06-19T19:12:16Z,2022-06-19T19:12:16Z,282.7361ms,True
1,4,2022-06-19T19:12:16Z,2022-06-19T19:12:16Z,269.3907ms,True
1,2,2022-06-19T19:12:16Z,2022-06-19T19:12:17Z,266.6734ms,True
1,1,2022-06-19T19:12:17Z,2022-06-19T19:12:17Z,285.6002ms,True
1,3,2022-06-19T19:12:17Z,2022-06-19T19:12:17Z,299.4688ms,True
1,5,2022-06-19T19:12:17Z,2022-06-19T19:12:17Z,281.7553ms,True
1,6,2022-06-19T19:12:17Z,2022-06-19T19:12:18Z,273.41ms,True
1,7,2022-06-19T19:12:18Z,2022-06-19T19:12:18Z,279.5504ms,True
1,13,2022-06-19T19:12:18Z,2022-06-19T19:12:18Z,284.5305ms,True
1,14,2022-06-19T19:12:18Z,2022-06-19T19:12:18Z,267.1974ms,True
1,16,2022-06-19T19:12:18Z,2022-06-19T19:12:19Z,293.4162ms,True
1,15,2022-06-19T19:12:19Z,2022-06-19T19:12:19Z,277.1664ms,True
1,8,2022-06-19T19:12:19Z,2022-06-19T19:12:19Z,286.2295ms,True
1,4,2022-06-19T19:12:19Z,2022-06-19T19:12:20Z,285.2276ms,True
1,2,2022-06-19T19:12:20Z,2022-06-19T19:12:20Z,279.0402ms,True
1,1,2022-06-19T19:12:20Z,2022-06-19T19:12:20Z,274.9045ms,True
1,3,2022-06-19T19:12:20Z,2022-06-19T19:12:20Z,275.3857ms,True
1,5,2022-06-19T19:12:20Z,2022-06-19T19:12:21Z,284.7636ms,True
1,6,2022-06-19T19:12:21Z,2022-06-19T19:12:21Z,270.1338ms,True
1,7,2022-06-19T19:12:21Z,2022-06-19T19:12:21Z,271.3903ms,True
1,13,2022-06-19T19:12:21Z,2022-06-19T19:12:22Z,273.7668ms,True
1,14,2022-06-19T19:12:22Z,2022-06-19T19:12:22Z,266.369ms,True
1,16,2022-06-19T19:12:22Z,2022-06-19T19:12:22Z,283.5206ms,True
1,15,2022-06-19T19:12:22Z,2022-06-19T19:12:22Z,307.5712ms,True
1,8,2022-06-19T19:12:22Z,2022-06-19T19:12:23Z,279.1864ms,True
1,4,2022-06-19T19:12:23Z,2022-06-19T19:12:23Z,288.8127ms,True
1,2,2022-06-19T19:12:23Z,2022-06-19T19:12:23Z,288.9818ms,True
1,1,2022-06-19T19:12:23Z,2022-06-19T19:12:24Z,264.9513ms,True
1,3,2022-06-19T19:12:24Z,2022-06-19T19:12:24Z,287.1665ms,True
1,5,2022-06-19T19:12:24Z,2022-06-19T19:12:24Z,283.8914ms,True
1,6,2022-06-19T19:12:24Z,2022-06-19T19:12:24Z,278.4065ms,True
1,7,2022-06-19T19:12:24Z,2022-06-19T19:12:25Z,281.0771ms,True
1,13,2022-06-19T19:12:25Z,2022-06-19T19:12:25Z,279.7333ms,True
1,14,2022-06-19T19:12:25Z,2022-06-19T19:12:25Z,277.6225ms,True
1,16,2022-06-19T19:12:25Z,2022-06-19T19:12:26Z,293.2061ms,True
1,15,2022-06-19T19:12:26Z,2022-06-19T19:12:26Z,281.3847ms,True
1,8,2022-06-19T19:12:26Z,2022-06-19T19:12:26Z,276.3369ms,True
1,4,2022-06-19T19:12:26Z,2022-06-19T19:12:26Z,265.4956ms,True
1,2,2022-06-19T19:12:26Z,2022-06-19T19:12:27Z,264.4955ms,True
1,1,2022-06-19T19:11:52Z,2022-06-19T19:11:52Z,285.6525ms,True
1,9,2022-06-19T19:11:52Z,2022-06-19T19:11:52Z,278.3825ms,True
1,11,2022-06-19T19:11:52Z,2022-06-19T19:11:53Z,276.9607ms,True
1,12,2022-06-19T19:11:53Z,2022-06-19T19:11:53Z,268.5437ms,True
1,10,2022-06-19T19:11:53Z,2022-06-19T19:11:53Z,266.3966ms,True
1,3,2022-06-19T19:11:53Z,2022-06-19T19:11:54Z,283.6207ms,True
1,7,2022-06-19T19:11:54Z,2022-06-19T19:11:54Z,272.9498ms,True
1,16,2022-06-19T19:11:54Z,2022-06-19T19:11:54Z,269.7461ms,True
1,6,2022-06-19T19:11:54Z,2022-06-19T19:11:54Z,259.7035ms,True
1,6,2022-06-19T19:11:54Z,2022-06-19T19:11:55Z,272.8138ms,True
1,15,2022-06-19T19:11:55Z,2022-06-19T19:11:55Z,286.7907ms,True
1,8,2022-06-19T19:11:55Z,2022-06-19T19:11:55Z,274.1801ms,True
1,4,2022-06-19T19:11:55Z,2022-06-19T19:11:56Z,306.6268ms,True
1,2,2022-06-19T19:11:56Z,2022-06-19T19:11:56Z,270.6917ms,True
1,1,2022-06-19T19:11:56Z,2022-06-19T19:11:56Z,269.0886ms,True
1,9,2022-06-19T19:11:56Z,2022-06-19T19:11:56Z,279.2892ms,True
1,11,2022-06-19T19:11:56Z,2022-06-19T19:11:57Z,271.6372ms,True
1,12,2022-06-19T19:11:57Z,2022-06-19T19:11:57Z,274.9237ms,True
1,10,2022-06-19T19:11:57Z,2022-06-19T19:11:57Z,265.2853ms,True
1,3,2022-06-19T19:11:57Z,2022-06-19T19:11:57Z,270.6419ms,True
1,7,2022-06-19T19:11:57Z,2022-06-19T19:11:58Z,278.6039ms,True
1,16,2022-06-19T19:11:58Z,2022-06-19T19:11:58Z,272.0321ms,True
1,6,2022-06-19T19:11:58Z,2022-06-19T19:11:58Z,256.5432ms,True
1,6,2022-06-19T19:11:58Z,2022-06-19T19:11:59Z,260.3091ms,True
1,15,2022-06-19T19:11:59Z,2022-06-19T19:11:59Z,275.6962ms,True
1,8,2022-06-19T19:11:59Z,2022-06-19T19:11:59Z,288.6366ms,True
1,4,2022-06-19T19:11:59Z,2022-06-19T19:11:59Z,276.9238ms,True
1,2,2022-06-19T19:11:59Z,2022-06-19T19:12:00Z,271.5083ms,True
1,1,2022-06-19T19:12:00Z,2022-06-19T19:12:00Z,271.5118ms,True
1,9,2022-06-19T19:12:00Z,2022-06-19T19:12:00Z,274.2627ms,True
1,11,2022-06-19T19:12:00Z,2022-06-19T19:12:00Z,270.2166ms,True
1,12,2022-06-19T19:12:00Z,2022-06-19T19:12:01Z,270.8813ms,True
1,10,2022-06-19T19:12:01Z,2022-06-19T19:12:01Z,274.9898ms,True
1,3,2022-06-19T19:12:01Z,2022-06-19T19:12:01Z,270.7725ms,True
1,7,2022-06-19T19:12:01Z,2022-06-19T19:12:02Z,277.3446ms,True
1,16,2022-06-19T19:12:02Z,2022-06-19T19:12:02Z,268.3181ms,True
1,6,2022-06-19T19:12:02Z,2022-06-19T19:12:02Z,252.8793ms,True
1,6,2022-06-19T19:12:02Z,2022-06-19T19:12:02Z,259.0046ms,True
1,15,2022-06-19T19:12:02Z,2022-06-19T19:12:03Z,274.8934ms,True
1,8,2022-06-19T19:12:03Z,2022-06-19T19:12:03Z,277.4633ms,True
1,4,2022-06-19T19:12:03Z,2022-06-19T19:12:03Z,263.5633ms,True
1,2,2022-06-19T19:12:03Z,2022-06-19T19:12:03Z,268.4558ms,True
1,1,2022-06-19T19:12:03Z,2022-06-19T19:12:04Z,264.9982ms,True
1,9,2022-06-19T19:12:04Z,2022-06-19T19:12:04Z,270.3649ms,True
1,11,2022-06-19T19:12:04Z,2022-06-19T19:12:04Z,270.3326ms,True
1,12,2022-06-19T19:12:04Z,2022-06-19T19:12:04Z,264.8516ms,True
1,10,2022-06-19T19:12:04Z,2022-06-19T19:12:05Z,274.0183ms,True
1,3,2022-06-19T19:12:05Z,2022-06-19T19:12:05Z,265.3367ms,True
1,7,2022-06-19T19:12:05Z,2022-06-19T19:12:05Z,268.1246ms,True
1,16,2022-06-19T19:12:05Z,2022-06-19T19:12:06Z,271.1118ms,True
1,6,2022-06-19T19:12:06Z,2022-06-19T19:12:06Z,258.4807ms,True
1,6,2022-06-19T19:12:06Z,2022-06-19T19:12:06Z,255.9866ms,True
1,15,2022-06-19T19:12:06Z,2022-06-19T19:12:06Z,278.3809ms,True
1,8,2022-06-19T19:12:06Z,2022-06-19T19:12:07Z,270.8356ms,True
1,4,2022-06-19T19:12:07Z,2022-06-19T19:12:07Z,276.7809ms,True
1,2,2022-06-19T19:12:07Z,2022-06-19T19:12:07Z,372.7103ms,True
1,1,2022-06-19T19:12:07Z,2022-06-19T19:12:08Z,303.0294ms,True
1,9,2022-06-19T19:12:08Z,2022-06-19T19:12:08Z,294.1461ms,True
1,11,2022-06-19T19:12:08Z,2022-06-19T19:12:08Z,308.7339ms,True
1,12,2022-06-19T19:12:08Z,2022-06-19T19:12:08Z,298.5552ms,True
1,10,2022-06-19T19:12:08Z,2022-06-19T19:12:09Z,290.3538ms,True
1,3,2022-06-19T19:12:09Z,2022-06-19T19:12:09Z,278.2619ms,True
1,7,2022-06-19T19:12:09Z,2022-06-19T19:12:09Z,276.4114ms,True
1,16,2022-06-19T19:12:09Z,2022-06-19T19:12:10Z,299.7412ms,True
1,6,2022-06-19T19:12:10Z,2022-06-19T19:12:10Z,259.5808ms,True
1,6,2022-06-19T19:12:10Z,2022-06-19T19:12:10Z,275.6376ms,True
1,15,2022-06-19T19:12:10Z,2022-06-19T19:12:10Z,273.0725ms,True
1,8,2022-06-19T19:12:10Z,2022-06-19T19:12:11Z,270.9692ms,True
1,4,2022-06-19T19:12:11Z,2022-06-19T19:12:11Z,267.2044ms,True
1,2,2022-06-19T19:12:11Z,2022-06-19T19:12:11Z,266.7011ms,True
1,1,2022-06-19T19:12:11Z,2022-06-19T19:12:11Z,270.779ms,True
1,9,2022-06-19T19:12:11Z,2022-06-19T19:12:12Z,279.7866ms,True
1,11,2022-06-19T19:12:12Z,2022-06-19T19:12:12Z,272.7301ms,True
1,12,2022-06-19T19:12:12Z,2022-06-19T19:12:12Z,272.3071ms,True
1,10,2022-06-19T19:12:12Z,2022-06-19T19:12:13Z,267.8407ms,True
1,3,2022-06-19T19:12:13Z,2022-06-19T19:12:13Z,271.0697ms,True
1,7,2022-06-19T19:12:13Z,2022-06-19T19:12:14Z,938.5662ms,True
1,16,2022-06-19T19:12:14Z,2022-06-19T19:12:14Z,425.0812ms,True
1,6,2022-06-19T19:12:14Z,2022-06-19T19:12:14Z,267.8985ms,True
1,6,2022-06-19T19:12:14Z,2022-06-19T19:12:15Z,281.5709ms,True
1,15,2022-06-19T19:12:15Z,2022-06-19T19:12:15Z,305.569ms,True
1,8,2022-06-19T19:12:15Z,2022-06-19T19:12:15Z,269.6633ms,True
1,4,2022-06-19T19:12:15Z,2022-06-19T19:12:16Z,279.7276ms,True
1,2,2022-06-19T19:12:16Z,2022-06-19T19:12:16Z,281.5387ms,True
1,1,2022-06-19T19:12:16Z,2022-06-19T19:12:16Z,283.2367ms,True
1,9,2022-06-19T19:12:16Z,2022-06-19T19:12:16Z,274.9589ms,True
1,11,2022-06-19T19:12:16Z,2022-06-19T19:12:17Z,274.9701ms,True
1,12,2022-06-19T19:12:17Z,2022-06-19T19:12:17Z,264.8198ms,True
1,10,2022-06-19T19:12:17Z,2022-06-19T19:12:17Z,271.6017ms,True
1,3,2022-06-19T19:12:17Z,2022-06-19T19:12:18Z,271.7913ms,True
1,7,2022-06-19T19:12:18Z,2022-06-19T19:12:18Z,272.7116ms,True
1,16,2022-06-19T19:12:18Z,2022-06-19T19:12:18Z,282.3232ms,True
1,6,2022-06-19T19:12:18Z,2022-06-19T19:12:18Z,260.7028ms,True
1,6,2022-06-19T19:12:18Z,2022-06-19T19:12:19Z,256.0174ms,True
1,15,2022-06-19T19:12:19Z,2022-06-19T19:12:19Z,273.9979ms,True
1,8,2022-06-19T19:12:19Z,2022-06-19T19:12:19Z,277.937ms,True
1,4,2022-06-19T19:12:19Z,2022-06-19T19:12:19Z,268.6177ms,True
1,2,2022-06-19T19:12:19Z,2022-06-19T19:12:20Z,275.7202ms,True
1,1,2022-06-19T19:12:20Z,2022-06-19T19:12:20Z,281.1834ms,True
1,9,2022-06-19T19:12:20Z,2022-06-19T19:12:20Z,267.8329ms,True
1,11,2022-06-19T19:12:20Z,2022-06-19T19:12:21Z,269.6507ms,True
1,12,2022-06-19T19:12:21Z,2022-06-19T19:12:21Z,272.2197ms,True
1,10,2022-06-19T19:12:21Z,2022-06-19T19:12:21Z,273.9906ms,True
1,3,2022-06-19T19:12:21Z,2022-06-19T19:12:21Z,283.8484ms,True
1,7,2022-06-19T19:12:21Z,2022-06-19T19:12:22Z,273.611ms,True
1,16,2022-06-19T19:12:22Z,2022-06-19T19:12:22Z,277.5479ms,True
1,6,2022-06-19T19:12:22Z,2022-06-19T19:12:22Z,259.889ms,True
1,6,2022-06-19T19:12:22Z,2022-06-19T19:12:22Z,257.7419ms,True
1,15,2022-06-19T19:12:22Z,2022-06-19T19:12:23Z,280.9838ms,True
1,8,2022-06-19T19:12:23Z,2022-06-19T19:12:23Z,284.8595ms,True
1,4,2022-06-19T19:12:23Z,2022-06-19T19:12:23Z,277.3257ms,True
1,2,2022-06-19T19:12:23Z,2022-06-19T19:12:24Z,267.6333ms,True
1,1,2022-06-19T19:12:24Z,2022-06-19T19:12:24Z,278.9447ms,True
1,9,2022-06-19T19:12:24Z,2022-06-19T19:12:24Z,290.5876ms,True
1,11,2022-06-19T19:12:24Z,2022-06-19T19:12:24Z,282.9947ms,True
1,12,2022-06-19T19:12:24Z,2022-06-19T19:12:25Z,275.1767ms,True
1,10,2022-06-19T19:12:25Z,2022-06-19T19:12:25Z,279.2964ms,True
1,3,2022-06-19T19:12:25Z,2022-06-19T19:12:25Z,284.1072ms,True
1,7,2022-06-19T19:12:25Z,2022-06-19T19:12:26Z,277.0194ms,True
1,16,2022-06-19T19:12:26Z,2022-06-19T19:12:26Z,281.8989ms,True
1,6,2022-06-19T19:12:26Z,2022-06-19T19:12:26Z,259.0686ms,True
1,6,2022-06-19T19:12:26Z,2022-06-19T19:12:26Z,261.3307ms,True
1,15,2022-06-19T19:12:26Z,2022-06-19T19:12:27Z,277.6198ms,True
1,8,2022-06-19T19:12:27Z,2022-06-19T19:12:27Z,275.3581ms,True
1,4,2022-06-19T19:12:27Z,2022-06-19T19:12:27Z,273.71ms,True
1,2,2022-06-19T19:12:27Z,2022-06-19T19:12:27Z,267.5728ms,True
1,1,2022-06-19T19:12:27Z,2022-06-19T19:12:28Z,272.0471ms,True
1,9,2022-06-19T19:12:28Z,2022-06-19T19:12:28Z,266.8418ms,True
1,11,2022-06-19T19:12:28Z,2022-06-19T19:12:29Z,857.9095ms,True
1,12,2022-06-19T19:12:29Z,2022-06-19T19:12:29Z,290.9642ms,True
1,10,2022-06-19T19:12:29Z,2022-06-19T19:12:29Z,283.3603ms,True
1,3,2022-06-19T19:12:29Z,2022-06-19T19:12:30Z,277.1483ms,True
1,7,2022-06-19T19:12:30Z,2022-06-19T19:12:30Z,277.4414ms,True
1,16,2022-06-19T19:12:30Z,2022-06-19T19:12:30Z,275.8547ms,True
1,6,2022-06-19T19:12:30Z,2022-06-19T19:12:30Z,270.4995ms,True
1,6,2022-06-19T19:12:30Z,2022-06-19T19:12:31Z,267.2487ms,True
1,15,2022-06-19T19:12:31Z,2022-06-19T19:12:31Z,293.9621ms,True
1,8,2022-06-19T19:12:31Z,2022-06-19T19:12:31Z,278.2195ms,True
1,4,2022-06-19T19:12:31Z,2022-06-19T19:12:32Z,271.8529ms,True
1,2,2022-06-19T19:12:32Z,2022-06-19T19:12:32Z,291.0186ms,True
1,1,2022-06-19T19:11:52Z,2022-06-19T19:11:52Z,292.7359ms,True
1,3,2022-06-19T19:11:52Z,2022-06-19T19:11:53Z,323.4786ms,True
1,5,2022-06-19T19:11:53Z,2022-06-19T19:11:53Z,286.1965ms,True
1,6,2022-06-19T19:11:53Z,2022-06-19T19:11:53Z,279.6729ms,True
1,4,2022-06-19T19:11:53Z,2022-06-19T19:11:53Z,283.6412ms,True
1,9,2022-06-19T19:11:53Z,2022-06-19T19:11:54Z,277.2623ms,True
1,10,2022-06-19T19:11:54Z,2022-06-19T19:11:54Z,259.4092ms,True
1,3,2022-06-19T19:11:54Z,2022-06-19T19:11:54Z,277.0583ms,True
1,7,2022-06-19T19:11:54Z,2022-06-19T19:11:55Z,293.3271ms,True
1,13,2022-06-19T19:11:55Z,2022-06-19T19:11:55Z,279.6276ms,True
1,14,2022-06-19T19:11:55Z,2022-06-19T19:11:55Z,274.3501ms,True
1,8,2022-06-19T19:11:55Z,2022-06-19T19:11:55Z,265.4859ms,True
1,4,2022-06-19T19:11:55Z,2022-06-19T19:11:56Z,270.4209ms,True
1,2,2022-06-19T19:11:56Z,2022-06-19T19:11:56Z,273.2458ms,True
1,1,2022-06-19T19:11:56Z,2022-06-19T19:11:56Z,271.1222ms,True
1,3,2022-06-19T19:11:56Z,2022-06-19T19:11:56Z,267.3205ms,True
1,5,2022-06-19T19:11:56Z,2022-06-19T19:11:57Z,267.869ms,True
1,6,2022-06-19T19:11:57Z,2022-06-19T19:11:57Z,266.6972ms,True
1,4,2022-06-19T19:11:57Z,2022-06-19T19:11:57Z,269.5888ms,True
1,9,2022-06-19T19:11:57Z,2022-06-19T19:11:57Z,269.5256ms,True
1,10,2022-06-19T19:11:57Z,2022-06-19T19:11:58Z,293.2809ms,True
1,3,2022-06-19T19:11:58Z,2022-06-19T19:11:58Z,279.1974ms,True
1,7,2022-06-19T19:11:58Z,2022-06-19T19:11:58Z,270.4076ms,True
1,13,2022-06-19T19:11:58Z,2022-06-19T19:11:59Z,265.1151ms,True
1,14,2022-06-19T19:11:59Z,2022-06-19T19:11:59Z,274.5619ms,True
1,8,2022-06-19T19:11:59Z,2022-06-19T19:11:59Z,275.9155ms,True
1,4,2022-06-19T19:11:59Z,2022-06-19T19:11:59Z,272.2578ms,True
1,2,2022-06-19T19:11:59Z,2022-06-19T19:12:00Z,262.0194ms,True
1,1,2022-06-19T19:12:00Z,2022-06-19T19:12:00Z,273.5313ms,True
1,3,2022-06-19T19:12:00Z,2022-06-19T19:12:00Z,272.116ms,True
1,5,2022-06-19T19:12:00Z,2022-06-19T19:12:00Z,274.8348ms,True
1,6,2022-06-19T19:12:00Z,2022-06-19T19:12:01Z,277.7768ms,True
1,4,2022-06-19T19:12:01Z,2022-06-19T19:12:01Z,273.3676ms,True
1,9,2022-06-19T19:12:01Z,2022-06-19T19:12:01Z,273.0568ms,True
1,10,2022-06-19T19:12:01Z,2022-06-19T19:12:02Z,263.651ms,True
1,3,2022-06-19T19:12:02Z,2022-06-19T19:12:02Z,290.7858ms,True
1,7,2022-06-19T19:12:02Z,2022-06-19T19:12:02Z,267.7738ms,True
1,13,2022-06-19T19:12:02Z,2022-06-19T19:12:02Z,271.8787ms,True
1,14,2022-06-19T19:12:02Z,2022-06-19T19:12:03Z,272.9451ms,True
1,8,2022-06-19T19:12:03Z,2022-06-19T19:12:03Z,294.8564ms,True
1,4,2022-06-19T19:12:03Z,2022-06-19T19:12:03Z,269.1141ms,True
1,2,2022-06-19T19:12:03Z,2022-06-19T19:12:04Z,265.9706ms,True
1,1,2022-06-19T19:12:04Z,2022-06-19T19:12:04Z,268.2725ms,True
1,3,2022-06-19T19:12:04Z,2022-06-19T19:12:04Z,277.9819ms,True
1,5,2022-06-19T19:12:04Z,2022-06-19T19:12:04Z,266.3815ms,True
1,6,2022-06-19T19:12:04Z,2022-06-19T19:12:05Z,266.3096ms,True
1,4,2022-06-19T19:12:05Z,2022-06-19T19:12:05Z,276.0254ms,True
1,9,2022-06-19T19:12:05Z,2022-06-19T19:12:05Z,277.2983ms,True
1,10,2022-06-19T19:12:05Z,2022-06-19T19:12:05Z,267.4417ms,True
1,3,2022-06-19T19:12:05Z,2022-06-19T19:12:06Z,272.9807ms,True
1,7,2022-06-19T19:12:06Z,2022-06-19T19:12:06Z,297.1861ms,True
1,13,2022-06-19T19:12:06Z,2022-06-19T19:12:06Z,293.7685ms,True
1,14,2022-06-19T19:12:06Z,2022-06-19T19:12:07Z,275.8873ms,True
1,8,2022-06-19T19:12:07Z,2022-06-19T19:12:07Z,285.0661ms,True
1,4,2022-06-19T19:12:07Z,2022-06-19T19:12:07Z,398.4015ms,True
1,2,2022-06-19T19:12:07Z,2022-06-19T19:12:08Z,277.4349ms,True
1,1,2022-06-19T19:12:08Z,2022-06-19T19:12:08Z,273.4879ms,True
1,3,2022-06-19T19:12:08Z,2022-06-19T19:12:08Z,289.3331ms,True
1,5,2022-06-19T19:12:08Z,2022-06-19T19:12:08Z,293.4532ms,True
1,6,2022-06-19T19:12:08Z,2022-06-19T19:12:09Z,272.8481ms,True
1,4,2022-06-19T19:12:09Z,2022-06-19T19:12:09Z,269.7941ms,True
1,9,2022-06-19T19:12:09Z,2022-06-19T19:12:09Z,269.6919ms,True
1,10,2022-06-19T19:12:09Z,2022-06-19T19:12:09Z,268.3931ms,True
1,3,2022-06-19T19:12:09Z,2022-06-19T19:12:10Z,273.779ms,True
1,7,2022-06-19T19:12:10Z,2022-06-19T19:12:10Z,274.1681ms,True
1,13,2022-06-19T19:12:10Z,2022-06-19T19:12:10Z,269.8547ms,True
1,14,2022-06-19T19:12:10Z,2022-06-19T19:12:11Z,263.8289ms,True
1,8,2022-06-19T19:12:11Z,2022-06-19T19:12:11Z,265.9975ms,True
1,4,2022-06-19T19:12:11Z,2022-06-19T19:12:11Z,293.1083ms,True
1,2,2022-06-19T19:12:11Z,2022-06-19T19:12:11Z,267.6338ms,True
1,1,2022-06-19T19:12:11Z,2022-06-19T19:12:12Z,268.6611ms,True
1,3,2022-06-19T19:12:12Z,2022-06-19T19:12:12Z,264.7868ms,True
1,5,2022-06-19T19:12:12Z,2022-06-19T19:12:12Z,273.6563ms,True
1,6,2022-06-19T19:12:12Z,2022-06-19T19:12:12Z,270.2787ms,True
1,4,2022-06-19T19:12:12Z,2022-06-19T19:12:13Z,267.5113ms,True
1,9,2022-06-19T19:12:13Z,2022-06-19T19:12:13Z,291.5357ms,True
1,10,2022-06-19T19:12:13Z,2022-06-19T19:12:14Z,1.1561356s,True
1,3,2022-06-19T19:12:14Z,2022-06-19T19:12:14Z,333.6151ms,True
1,7,2022-06-19T19:12:14Z,2022-06-19T19:12:15Z,311.5101ms,True
1,13,2022-06-19T19:12:15Z,2022-06-19T19:12:15Z,304.6741ms,True
1,14,2022-06-19T19:12:15Z,2022-06-19T19:12:15Z,283.0151ms,True
1,8,2022-06-19T19:12:15Z,2022-06-19T19:12:16Z,280.5368ms,True
1,4,2022-06-19T19:12:16Z,2022-06-19T19:12:16Z,263.0897ms,True
1,2,2022-06-19T19:12:16Z,2022-06-19T19:12:16Z,266.7003ms,True
1,1,2022-06-19T19:12:16Z,2022-06-19T19:12:16Z,289.3462ms,True
1,3,2022-06-19T19:12:16Z,2022-06-19T19:12:17Z,289.1585ms,True
1,5,2022-06-19T19:12:17Z,2022-06-19T19:12:17Z,281.5611ms,True
1,6,2022-06-19T19:12:17Z,2022-06-19T19:12:17Z,269.404ms,True
1,4,2022-06-19T19:12:17Z,2022-06-19T19:12:18Z,275.4588ms,True
1,9,2022-06-19T19:12:18Z,2022-06-19T19:12:18Z,276.3504ms,True
1,10,2022-06-19T19:12:18Z,2022-06-19T19:12:18Z,286.3498ms,True
1,3,2022-06-19T19:12:18Z,2022-06-19T19:12:18Z,304.4583ms,True
1,7,2022-06-19T19:12:18Z,2022-06-19T19:12:19Z,279.0394ms,True
1,13,2022-06-19T19:12:19Z,2022-06-19T19:12:19Z,274.5821ms,True
1,14,2022-06-19T19:12:19Z,2022-06-19T19:12:19Z,266.4329ms,True
1,8,2022-06-19T19:12:19Z,2022-06-19T19:12:20Z,293.9274ms,True
1,4,2022-06-19T19:12:20Z,2022-06-19T19:12:20Z,286.8757ms,True
1,2,2022-06-19T19:12:20Z,2022-06-19T19:12:20Z,279.8655ms,True
1,1,2022-06-19T19:12:20Z,2022-06-19T19:12:20Z,273.0647ms,True
1,3,2022-06-19T19:12:20Z,2022-06-19T19:12:21Z,276.4243ms,True
1,5,2022-06-19T19:12:21Z,2022-06-19T19:12:21Z,270.0943ms,True
1,6,2022-06-19T19:12:21Z,2022-06-19T19:12:21Z,275.1168ms,True
1,4,2022-06-19T19:12:21Z,2022-06-19T19:12:22Z,270.6224ms,True
1,9,2022-06-19T19:12:22Z,2022-06-19T19:12:22Z,263.7191ms,True
1,10,2022-06-19T19:12:22Z,2022-06-19T19:12:22Z,270.6065ms,True
1,3,2022-06-19T19:12:22Z,2022-06-19T19:12:22Z,284.7175ms,True
1,7,2022-06-19T19:12:22Z,2022-06-19T19:12:23Z,275.1911ms,True
1,13,2022-06-19T19:12:23Z,2022-06-19T19:12:23Z,270.6049ms,True
1,14,2022-06-19T19:12:23Z,2022-06-19T19:12:23Z,283.2021ms,True
1,8,2022-06-19T19:12:23Z,2022-06-19T19:12:23Z,286.6887ms,True
1,4,2022-06-19T19:12:23Z,2022-06-19T19:12:24Z,276.7446ms,True
1,2,2022-06-19T19:12:24Z,2022-06-19T19:12:24Z,271.7565ms,True
1,1,2022-06-19T19:12:24Z,2022-06-19T19:12:24Z,283.1237ms,True
1,3,2022-06-19T19:12:24Z,2022-06-19T19:12:25Z,285.4188ms,True
1,5,2022-06-19T19:12:25Z,2022-06-19T19:12:25Z,274.746ms,True
1,6,2022-06-19T19:12:25Z,2022-06-19T19:12:25Z,286.4209ms,True
1,4,2022-06-19T19:12:25Z,2022-06-19T19:12:25Z,277.9434ms,True
1,9,2022-06-19T19:12:25Z,2022-06-19T19:12:26Z,280.3339ms,True
1,10,2022-06-19T19:12:26Z,2022-06-19T19:12:26Z,269.9972ms,True
1,3,2022-06-19T19:12:26Z,2022-06-19T19:12:26Z,278.1442ms,True
1,7,2022-06-19T19:12:26Z,2022-06-19T19:12:27Z,265.103ms,True
1,13,2022-06-19T19:12:27Z,2022-06-19T19:12:27Z,278.1103ms,True
1,14,2022-06-19T19:12:27Z,2022-06-19T19:12:27Z,273.436ms,True
1,8,2022-06-19T19:12:27Z,2022-06-19T19:12:27Z,270.3869ms,True
1,4,2022-06-19T19:12:27Z,2022-06-19T19:12:28Z,266.4119ms,True
1,2,2022-06-19T19:12:28Z,2022-06-19T19:12:28Z,272.6372ms,True
1,1,2022-06-19T19:12:28Z,2022-06-19T19:12:29Z,939.6223ms,True
1,3,2022-06-19T19:12:29Z,2022-06-19T19:12:29Z,291.0441ms,True
1,5,2022-06-19T19:12:29Z,2022-06-19T19:12:29Z,280.864ms,True
1,6,2022-06-19T19:12:29Z,2022-06-19T19:12:30Z,279.7305ms,True
1,4,2022-06-19T19:12:30Z,2022-06-19T19:12:30Z,269.0372ms,True
1,9,2022-06-19T19:12:30Z,2022-06-19T19:12:30Z,274.8306ms,True
1,10,2022-06-19T19:12:30Z,2022-06-19T19:12:30Z,279.9363ms,True
1,3,2022-06-19T19:12:30Z,2022-06-19T19:12:31Z,286.0515ms,True
1,7,2022-06-19T19:12:31Z,2022-06-19T19:12:31Z,323.4096ms,True
1,13,2022-06-19T19:12:31Z,2022-06-19T19:12:31Z,280.1103ms,True
1,14,2022-06-19T19:12:31Z,2022-06-19T19:12:32Z,288.2323ms,True
1,8,2022-06-19T19:12:32Z,2022-06-19T19:12:32Z,278.4153ms,True
1,4,2022-06-19T19:12:32Z,2022-06-19T19:12:32Z,275.7182ms,True
1,2,2022-06-19T19:12:32Z,2022-06-19T19:12:32Z,276.2062ms,True
1,1,2022-06-19T19:11:52Z,2022-06-19T19:11:52Z,302.1118ms,True
1,9,2022-06-19T19:11:52Z,2022-06-19T19:11:53Z,315.9037ms,True
1,11,2022-06-19T19:11:53Z,2022-06-19T19:11:53Z,283.476ms,True
1,12,2022-06-19T19:11:53Z,2022-06-19T19:11:53Z,280.3448ms,True
1,10,2022-06-19T19:11:53Z,2022-06-19T19:11:53Z,283.806ms,True
1,3,2022-06-19T19:11:53Z,2022-06-19T19:11:54Z,319.3581ms,True
1,7,2022-06-19T19:11:54Z,2022-06-19T19:11:54Z,269.2602ms,True
1,16,2022-06-19T19:11:54Z,2022-06-19T19:11:54Z,270.1333ms,True
1,6,2022-06-19T19:11:54Z,2022-06-19T19:11:55Z,259.8523ms,True
1,6,2022-06-19T19:11:55Z,2022-06-19T19:11:55Z,293.4897ms,True
1,15,2022-06-19T19:11:55Z,2022-06-19T19:11:55Z,284.9007ms,True
1,8,2022-06-19T19:11:55Z,2022-06-19T19:11:55Z,265.5868ms,True
1,4,2022-06-19T19:11:55Z,2022-06-19T19:11:56Z,268.8108ms,True
1,2,2022-06-19T19:11:56Z,2022-06-19T19:11:56Z,265.555ms,True
1,1,2022-06-19T19:11:56Z,2022-06-19T19:11:56Z,279.2594ms,True
1,9,2022-06-19T19:11:56Z,2022-06-19T19:11:56Z,274.098ms,True
1,11,2022-06-19T19:11:56Z,2022-06-19T19:11:57Z,266.0171ms,True
1,12,2022-06-19T19:11:57Z,2022-06-19T19:11:57Z,269.5604ms,True
1,10,2022-06-19T19:11:57Z,2022-06-19T19:11:57Z,269.7411ms,True
1,3,2022-06-19T19:11:57Z,2022-06-19T19:11:58Z,277.0963ms,True
1,7,2022-06-19T19:11:58Z,2022-06-19T19:11:58Z,294.0487ms,True
1,16,2022-06-19T19:11:58Z,2022-06-19T19:11:58Z,271.4674ms,True
1,6,2022-06-19T19:11:58Z,2022-06-19T19:11:58Z,254.135ms,True
1,6,2022-06-19T19:11:58Z,2022-06-19T19:11:59Z,255.3302ms,True
1,15,2022-06-19T19:11:59Z,2022-06-19T19:11:59Z,273.7466ms,True
1,8,2022-06-19T19:11:59Z,2022-06-19T19:11:59Z,281.807ms,True
1,4,2022-06-19T19:11:59Z,2022-06-19T19:11:59Z,272.1608ms,True
1,2,2022-06-19T19:11:59Z,2022-06-19T19:12:00Z,269.817ms,True
1,1,2022-06-19T19:12:00Z,2022-06-19T19:12:00Z,269.9503ms,True
1,9,2022-06-19T19:12:00Z,2022-06-19T19:12:00Z,270.1487ms,True
1,11,2022-06-19T19:12:00Z,2022-06-19T19:12:01Z,275.3689ms,True
1,12,2022-06-19T19:12:01Z,2022-06-19T19:12:01Z,273.9535ms,True
1,10,2022-06-19T19:12:01Z,2022-06-19T19:12:01Z,287.5669ms,True
1,3,2022-06-19T19:12:01Z,2022-06-19T19:12:01Z,276.3838ms,True
1,7,2022-06-19T19:12:01Z,2022-06-19T19:12:02Z,276.5133ms,True
1,16,2022-06-19T19:12:02Z,2022-06-19T19:12:02Z,279.0096ms,True
1,6,2022-06-19T19:12:02Z,2022-06-19T19:12:02Z,263.8795ms,True
1,6,2022-06-19T19:12:02Z,2022-06-19T19:12:02Z,258.6682ms,True
1,15,2022-06-19T19:12:02Z,2022-06-19T19:12:03Z,271.5779ms,True
1,8,2022-06-19T19:12:03Z,2022-06-19T19:12:03Z,287.1703ms,True
1,4,2022-06-19T19:12:03Z,2022-06-19T19:12:03Z,279.3151ms,True
1,2,2022-06-19T19:12:03Z,2022-06-19T19:12:04Z,269.938ms,True
1,1,2022-06-19T19:12:04Z,2022-06-19T19:12:04Z,270.5609ms,True
1,9,2022-06-19T19:12:04Z,2022-06-19T19:12:04Z,278.6546ms,True
1,11,2022-06-19T19:12:04Z,2022-06-19T19:12:04Z,287.2079ms,True
1,12,2022-06-19T19:12:04Z,2022-06-19T19:12:05Z,273.7935ms,True
1,10,2022-06-19T19:12:05Z,2022-06-19T19:12:05Z,275.8801ms,True
1,3,2022-06-19T19:12:05Z,2022-06-19T19:12:05Z,269.429ms,True
1,7,2022-06-19T19:12:05Z,2022-06-19T19:12:05Z,268.6152ms,True
1,16,2022-06-19T19:12:05Z,2022-06-19T19:12:06Z,279.7285ms,True
1,6,2022-06-19T19:12:06Z,2022-06-19T19:12:06Z,274.3712ms,True
1,6,2022-06-19T19:12:06Z,2022-06-19T19:12:06Z,261.971ms,True
1,15,2022-06-19T19:12:06Z,2022-06-19T19:12:07Z,284.3083ms,True
1,8,2022-06-19T19:12:07Z,2022-06-19T19:12:07Z,279.6969ms,True
1,4,2022-06-19T19:12:07Z,2022-06-19T19:12:07Z,406.9885ms,True
1,2,2022-06-19T19:12:07Z,2022-06-19T19:12:08Z,305.8034ms,True
1,1,2022-06-19T19:12:08Z,2022-06-19T19:12:08Z,299.844ms,True
1,9,2022-06-19T19:12:08Z,2022-06-19T19:12:08Z,301.1445ms,True
1,11,2022-06-19T19:12:08Z,2022-06-19T19:12:08Z,302.4448ms,True
1,12,2022-06-19T19:12:08Z,2022-06-19T19:12:09Z,283.9407ms,True
1,10,2022-06-19T19:12:09Z,2022-06-19T19:12:09Z,279.7308ms,True
1,3,2022-06-19T19:12:09Z,2022-06-19T19:12:09Z,290.4018ms,True
1,7,2022-06-19T19:12:09Z,2022-06-19T19:12:10Z,281.91ms,True
1,16,2022-06-19T19:12:10Z,2022-06-19T19:12:10Z,279.3281ms,True
1,6,2022-06-19T19:12:10Z,2022-06-19T19:12:10Z,261.2656ms,True
1,6,2022-06-19T19:12:10Z,2022-06-19T19:12:10Z,252.7615ms,True
1,15,2022-06-19T19:12:10Z,2022-06-19T19:12:11Z,275.6784ms,True
1,8,2022-06-19T19:12:11Z,2022-06-19T19:12:11Z,270.2758ms,True
1,4,2022-06-19T19:12:11Z,2022-06-19T19:12:11Z,261.8606ms,True
1,2,2022-06-19T19:12:11Z,2022-06-19T19:12:11Z,267.6015ms,True
1,1,2022-06-19T19:12:11Z,2022-06-19T19:12:12Z,271.7891ms,True
1,9,2022-06-19T19:12:12Z,2022-06-19T19:12:12Z,270.701ms,True
1,11,2022-06-19T19:12:12Z,2022-06-19T19:12:12Z,276.4943ms,True
1,12,2022-06-19T19:12:12Z,2022-06-19T19:12:13Z,267.9129ms,True
1,10,2022-06-19T19:12:13Z,2022-06-19T19:12:13Z,270.7772ms,True
1,3,2022-06-19T19:12:13Z,2022-06-19T19:12:13Z,282.0979ms,True
1,7,2022-06-19T19:12:13Z,2022-06-19T19:12:14Z,1.0452551s,True
1,16,2022-06-19T19:12:14Z,2022-06-19T19:12:14Z,335.5312ms,True
1,6,2022-06-19T19:12:14Z,2022-06-19T19:12:15Z,271.3252ms,True
1,6,2022-06-19T19:12:15Z,2022-06-19T19:12:15Z,308.6095ms,True
1,15,2022-06-19T19:12:15Z,2022-06-19T19:12:15Z,283.06ms,True
1,8,2022-06-19T19:12:15Z,2022-06-19T19:12:16Z,277.564ms,True
1,4,2022-06-19T19:12:16Z,2022-06-19T19:12:16Z,271.31ms,True
1,2,2022-06-19T19:12:16Z,2022-06-19T19:12:16Z,292.1468ms,True
1,1,2022-06-19T19:12:16Z,2022-06-19T19:12:16Z,289.8406ms,True
1,9,2022-06-19T19:12:16Z,2022-06-19T19:12:17Z,288.8416ms,True
1,11,2022-06-19T19:12:17Z,2022-06-19T19:12:17Z,276.4723ms,True
1,12,2022-06-19T19:12:17Z,2022-06-19T19:12:17Z,278.2003ms,True
1,10,2022-06-19T19:12:17Z,2022-06-19T19:12:18Z,275.2126ms,True
1,3,2022-06-19T19:12:18Z,2022-06-19T19:12:18Z,276.3747ms,True
1,7,2022-06-19T19:12:18Z,2022-06-19T19:12:18Z,293.742ms,True
1,16,2022-06-19T19:12:18Z,2022-06-19T19:12:18Z,297.2153ms,True
1,6,2022-06-19T19:12:18Z,2022-06-19T19:12:19Z,266.7822ms,True
1,6,2022-06-19T19:12:19Z,2022-06-19T19:12:19Z,255.686ms,True
1,15,2022-06-19T19:12:19Z,2022-06-19T19:12:19Z,278.2508ms,True
1,8,2022-06-19T19:12:19Z,2022-06-19T19:12:20Z,286.8394ms,True
1,4,2022-06-19T19:12:20Z,2022-06-19T19:12:20Z,273.2014ms,True
1,2,2022-06-19T19:12:20Z,2022-06-19T19:12:20Z,279.3906ms,True
1,1,2022-06-19T19:12:20Z,2022-06-19T19:12:20Z,286.613ms,True
1,9,2022-06-19T19:12:20Z,2022-06-19T19:12:21Z,264.4022ms,True
1,11,2022-06-19T19:12:21Z,2022-06-19T19:12:21Z,269.8254ms,True
1,12,2022-06-19T19:12:21Z,2022-06-19T19:12:21Z,269.8934ms,True
1,10,2022-06-19T19:12:21Z,2022-06-19T19:12:21Z,276.2332ms,True
1,3,2022-06-19T19:12:21Z,2022-06-19T19:12:22Z,272.4561ms,True
1,7,2022-06-19T19:12:22Z,2022-06-19T19:12:22Z,289.1964ms,True
1,16,2022-06-19T19:12:22Z,2022-06-19T19:12:22Z,296.2881ms,True
1,6,2022-06-19T19:12:22Z,2022-06-19T19:12:23Z,260.3753ms,True
1,6,2022-06-19T19:12:23Z,2022-06-19T19:12:23Z,260.6514ms,True
1,15,2022-06-19T19:12:23Z,2022-06-19T19:12:23Z,315.3882ms,True
1,8,2022-06-19T19:12:23Z,2022-06-19T19:12:23Z,281.5869ms,True
1,4,2022-06-19T19:12:23Z,2022-06-19T19:12:24Z,281.5401ms,True
1,2,2022-06-19T19:12:24Z,2022-06-19T19:12:24Z,276.6413ms,True
1,1,2022-06-19T19:12:24Z,2022-06-19T19:12:24Z,278.2012ms,True
1,9,2022-06-19T19:12:24Z,2022-06-19T19:12:25Z,289.3676ms,True
1,11,2022-06-19T19:12:25Z,2022-06-19T19:12:25Z,277.91ms,True
1,12,2022-06-19T19:12:25Z,2022-06-19T19:12:25Z,278.3689ms,True
1,10,2022-06-19T19:12:25Z,2022-06-19T19:12:25Z,279.0043ms,True
1,3,2022-06-19T19:12:25Z,2022-06-19T19:12:26Z,275.4514ms,True
1,7,2022-06-19T19:12:26Z,2022-06-19T19:12:26Z,268.2859ms,True
1,16,2022-06-19T19:12:26Z,2022-06-19T19:12:26Z,276.3487ms,True
1,6,2022-06-19T19:12:26Z,2022-06-19T19:12:26Z,254.4418ms,True
1,6,2022-06-19T19:12:26Z,2022-06-19T19:12:27Z,265.2884ms,True
1,15,2022-06-19T19:12:27Z,2022-06-19T19:12:27Z,270.5192ms,True
1,8,2022-06-19T19:12:27Z,2022-06-19T19:12:27Z,263.9553ms,True
1,4,2022-06-19T19:12:27Z,2022-06-19T19:12:28Z,263.8011ms,True
1,2,2022-06-19T19:12:28Z,2022-06-19T19:12:28Z,279.3494ms,True
1,1,2022-06-19T19:12:28Z,2022-06-19T19:12:29Z,969.3937ms,True
1,9,2022-06-19T19:12:29Z,2022-06-19T19:12:29Z,280.8912ms,True
1,11,2022-06-19T19:12:29Z,2022-06-19T19:12:29Z,290.1276ms,True
1,12,2022-06-19T19:12:29Z,2022-06-19T19:12:30Z,281.5679ms,True
1,10,2022-06-19T19:12:30Z,2022-06-19T19:12:30Z,276.4503ms,True
1,3,2022-06-19T19:12:30Z,2022-06-19T19:12:30Z,275.9208ms,True
1,7,2022-06-19T19:12:30Z,2022-06-19T19:12:30Z,291.4463ms,True
1,16,2022-06-19T19:12:30Z,2022-06-19T19:12:31Z,290.0294ms,True
1,6,2022-06-19T19:12:31Z,2022-06-19T19:12:31Z,271.3087ms,True
1,6,2022-06-19T19:12:31Z,2022-06-19T19:12:31Z,268.5434ms,True
1,15,2022-06-19T19:12:31Z,2022-06-19T19:12:32Z,284.3727ms,True
1,8,2022-06-19T19:12:32Z,2022-06-19T19:12:32Z,285.6669ms,True
1,4,2022-06-19T19:12:32Z,2022-06-19T19:12:32Z,292.0318ms,True
1,2,2022-06-19T19:12:32Z,2022-06-19T19:12:32Z,297.641ms,True
1,1,2022-06-19T19:11:52Z,2022-06-19T19:11:52Z,283.1325ms,True
1,3,2022-06-19T19:11:52Z,2022-06-19T19:11:53Z,333.0267ms,True
1,5,2022-06-19T19:11:53Z,2022-06-19T19:11:53Z,290.0182ms,True
1,6,2022-06-19T19:11:53Z,2022-06-19T19:11:53Z,296.7347ms,True
1,4,2022-06-19T19:11:53Z,2022-06-19T19:11:53Z,272.2357ms,True
1,9,2022-06-19T19:11:53Z,2022-06-19T19:11:54Z,301.562ms,True
1,10,2022-06-19T19:11:54Z,2022-06-19T19:11:54Z,265.9576ms,True
1,3,2022-06-19T19:11:54Z,2022-06-19T19:11:54Z,268.9172ms,True
1,7,2022-06-19T19:11:54Z,2022-06-19T19:11:55Z,276.9379ms,True
1,13,2022-06-19T19:11:55Z,2022-06-19T19:11:55Z,303.0482ms,True
1,14,2022-06-19T19:11:55Z,2022-06-19T19:11:55Z,273.5216ms,True
1,8,2022-06-19T19:11:55Z,2022-06-19T19:11:55Z,265.5936ms,True
1,4,2022-06-19T19:11:55Z,2022-06-19T19:11:56Z,268.2186ms,True
1,2,2022-06-19T19:11:56Z,2022-06-19T19:11:56Z,265.2362ms,True
1,1,2022-06-19T19:11:56Z,2022-06-19T19:11:56Z,267.5421ms,True
1,3,2022-06-19T19:11:56Z,2022-06-19T19:11:56Z,269.5579ms,True
1,5,2022-06-19T19:11:56Z,2022-06-19T19:11:57Z,266.2098ms,True
1,6,2022-06-19T19:11:57Z,2022-06-19T19:11:57Z,264.6456ms,True
1,4,2022-06-19T19:11:57Z,2022-06-19T19:11:57Z,276.2747ms,True
1,9,2022-06-19T19:11:57Z,2022-06-19T19:11:58Z,270.0996ms,True
1,10,2022-06-19T19:11:58Z,2022-06-19T19:11:58Z,278.148ms,True
1,3,2022-06-19T19:11:58Z,2022-06-19T19:11:58Z,269.5115ms,True
1,7,2022-06-19T19:11:58Z,2022-06-19T19:11:58Z,274.2061ms,True
1,13,2022-06-19T19:11:58Z,2022-06-19T19:11:59Z,284.6166ms,True
1,14,2022-06-19T19:11:59Z,2022-06-19T19:11:59Z,303.8873ms,True
1,8,2022-06-19T19:11:59Z,2022-06-19T19:11:59Z,285.1242ms,True
1,4,2022-06-19T19:11:59Z,2022-06-19T19:11:59Z,282.4801ms,True
1,2,2022-06-19T19:11:59Z,2022-06-19T19:12:00Z,263.9568ms,True
1,1,2022-06-19T19:12:00Z,2022-06-19T19:12:00Z,271.3384ms,True
1,3,2022-06-19T19:12:00Z,2022-06-19T19:12:00Z,272.1132ms,True
1,5,2022-06-19T19:12:00Z,2022-06-19T19:12:01Z,278.7508ms,True
1,6,2022-06-19T19:12:01Z,2022-06-19T19:12:01Z,271.8473ms,True
1,4,2022-06-19T19:12:01Z,2022-06-19T19:12:01Z,274.112ms,True
1,9,2022-06-19T19:12:01Z,2022-06-19T19:12:01Z,270.532ms,True
1,10,2022-06-19T19:12:01Z,2022-06-19T19:12:02Z,270.2496ms,True
1,3,2022-06-19T19:12:02Z,2022-06-19T19:12:02Z,276.0756ms,True
1,7,2022-06-19T19:12:02Z,2022-06-19T19:12:02Z,282.3864ms,True
1,13,2022-06-19T19:12:02Z,2022-06-19T19:12:02Z,272.2983ms,True
1,14,2022-06-19T19:12:02Z,2022-06-19T19:12:03Z,272.3069ms,True
1,8,2022-06-19T19:12:03Z,2022-06-19T19:12:03Z,278.0059ms,True
1,4,2022-06-19T19:12:03Z,2022-06-19T19:12:03Z,269.3697ms,True
1,2,2022-06-19T19:12:03Z,2022-06-19T19:12:04Z,267.8725ms,True
1,1,2022-06-19T19:12:04Z,2022-06-19T19:12:04Z,267.519ms,True
1,3,2022-06-19T19:12:04Z,2022-06-19T19:12:04Z,273.0983ms,True
1,5,2022-06-19T19:12:04Z,2022-06-19T19:12:04Z,274.2407ms,True
1,6,2022-06-19T19:12:04Z,2022-06-19T19:12:05Z,268.2546ms,True
1,4,2022-06-19T19:12:05Z,2022-06-19T19:12:05Z,285.2297ms,True
1,9,2022-06-19T19:12:05Z,2022-06-19T19:12:05Z,272.1808ms,True
1,10,2022-06-19T19:12:05Z,2022-06-19T19:12:05Z,267.1681ms,True
1,3,2022-06-19T19:12:05Z,2022-06-19T19:12:06Z,272.2941ms,True
1,7,2022-06-19T19:12:06Z,2022-06-19T19:12:06Z,278.6467ms,True
1,13,2022-06-19T19:12:06Z,2022-06-19T19:12:06Z,274.4364ms,True
1,14,2022-06-19T19:12:06Z,2022-06-19T19:12:07Z,261.8291ms,True
1,8,2022-06-19T19:12:07Z,2022-06-19T19:12:07Z,272.3353ms,True
1,4,2022-06-19T19:12:07Z,2022-06-19T19:12:07Z,406.6857ms,True
1,2,2022-06-19T19:12:07Z,2022-06-19T19:12:08Z,302.9308ms,True
1,1,2022-06-19T19:12:08Z,2022-06-19T19:12:08Z,302.5973ms,True
1,3,2022-06-19T19:12:08Z,2022-06-19T19:12:08Z,310.8468ms,True
1,5,2022-06-19T19:12:08Z,2022-06-19T19:12:08Z,292.8526ms,True
1,6,2022-06-19T19:12:08Z,2022-06-19T19:12:09Z,285.6452ms,True
1,4,2022-06-19T19:12:09Z,2022-06-19T19:12:09Z,270.2502ms,True
1,9,2022-06-19T19:12:09Z,2022-06-19T19:12:09Z,279.2966ms,True
1,10,2022-06-19T19:12:09Z,2022-06-19T19:12:10Z,291.2306ms,True
1,3,2022-06-19T19:12:10Z,2022-06-19T19:12:10Z,290.7548ms,True
1,7,2022-06-19T19:12:10Z,2022-06-19T19:12:10Z,279.75ms,True
1,13,2022-06-19T19:12:10Z,2022-06-19T19:12:10Z,272.9039ms,True
1,14,2022-06-19T19:12:10Z,2022-06-19T19:12:11Z,267.4447ms,True
1,8,2022-06-19T19:12:11Z,2022-06-19T19:12:11Z,269.7902ms,True
1,4,2022-06-19T19:12:11Z,2022-06-19T19:12:11Z,269.4051ms,True
1,2,2022-06-19T19:12:11Z,2022-06-19T19:12:12Z,284.535ms,True
1,1,2022-06-19T19:12:12Z,2022-06-19T19:12:12Z,282.8196ms,True
1,3,2022-06-19T19:12:12Z,2022-06-19T19:12:12Z,290.4732ms,True
1,5,2022-06-19T19:12:12Z,2022-06-19T19:12:12Z,279.4362ms,True
1,6,2022-06-19T19:12:12Z,2022-06-19T19:12:13Z,264.2901ms,True
1,4,2022-06-19T19:12:13Z,2022-06-19T19:12:13Z,267.1985ms,True
1,9,2022-06-19T19:12:13Z,2022-06-19T19:12:14Z,1.2448436s,True
1,10,2022-06-19T19:12:14Z,2022-06-19T19:12:14Z,320.8869ms,True
1,3,2022-06-19T19:12:14Z,2022-06-19T19:12:15Z,304.5467ms,True
1,7,2022-06-19T19:12:15Z,2022-06-19T19:12:15Z,322.8501ms,True
1,13,2022-06-19T19:12:15Z,2022-06-19T19:12:15Z,300.6634ms,True
1,14,2022-06-19T19:12:15Z,2022-06-19T19:12:16Z,294.7883ms,True
1,8,2022-06-19T19:12:16Z,2022-06-19T19:12:16Z,270.0214ms,True
1,4,2022-06-19T19:12:16Z,2022-06-19T19:12:16Z,279.2596ms,True
1,2,2022-06-19T19:12:16Z,2022-06-19T19:12:17Z,269.5816ms,True
1,1,2022-06-19T19:12:17Z,2022-06-19T19:12:17Z,274.1118ms,True
1,3,2022-06-19T19:12:17Z,2022-06-19T19:12:17Z,297.185ms,True
1,5,2022-06-19T19:12:17Z,2022-06-19T19:12:17Z,285.209ms,True
1,6,2022-06-19T19:12:17Z,2022-06-19T19:12:18Z,271.4118ms,True
1,4,2022-06-19T19:12:18Z,2022-06-19T19:12:18Z,274.8748ms,True
1,9,2022-06-19T19:12:18Z,2022-06-19T19:12:18Z,279.6643ms,True
1,10,2022-06-19T19:12:18Z,2022-06-19T19:12:18Z,272.8198ms,True
1,3,2022-06-19T19:12:18Z,2022-06-19T19:12:19Z,280.1795ms,True
1,7,2022-06-19T19:12:19Z,2022-06-19T19:12:19Z,277.1078ms,True
1,13,2022-06-19T19:12:19Z,2022-06-19T19:12:19Z,273.6455ms,True
1,14,2022-06-19T19:12:19Z,2022-06-19T19:12:20Z,285.5985ms,True
1,8,2022-06-19T19:12:20Z,2022-06-19T19:12:20Z,289.3865ms,True
1,4,2022-06-19T19:12:20Z,2022-06-19T19:12:20Z,276.7841ms,True
1,2,2022-06-19T19:12:20Z,2022-06-19T19:12:20Z,271.1038ms,True
1,1,2022-06-19T19:12:20Z,2022-06-19T19:12:21Z,269.959ms,True
1,3,2022-06-19T19:12:21Z,2022-06-19T19:12:21Z,271.2985ms,True
1,5,2022-06-19T19:12:21Z,2022-06-19T19:12:21Z,272.7771ms,True
1,6,2022-06-19T19:12:21Z,2022-06-19T19:12:22Z,272.5497ms,True
1,4,2022-06-19T19:12:22Z,2022-06-19T19:12:22Z,264.7196ms,True
1,9,2022-06-19T19:12:22Z,2022-06-19T19:12:22Z,277.9316ms,True
1,10,2022-06-19T19:12:22Z,2022-06-19T19:12:22Z,276.9112ms,True
1,3,2022-06-19T19:12:22Z,2022-06-19T19:12:23Z,277.5779ms,True
1,7,2022-06-19T19:12:23Z,2022-06-19T19:12:23Z,274.275ms,True
1,13,2022-06-19T19:12:23Z,2022-06-19T19:12:23Z,283.3435ms,True
1,14,2022-06-19T19:12:23Z,2022-06-19T19:12:23Z,282.9607ms,True
1,8,2022-06-19T19:12:23Z,2022-06-19T19:12:24Z,280.4393ms,True
1,4,2022-06-19T19:12:24Z,2022-06-19T19:12:24Z,279.9546ms,True
1,2,2022-06-19T19:12:24Z,2022-06-19T19:12:24Z,274.5741ms,True
1,1,2022-06-19T19:12:24Z,2022-06-19T19:12:25Z,269.6462ms,True
1,3,2022-06-19T19:12:25Z,2022-06-19T19:12:25Z,279.4804ms,True
1,5,2022-06-19T19:12:25Z,2022-06-19T19:12:25Z,283.8419ms,True
1,6,2022-06-19T19:12:25Z,2022-06-19T19:12:25Z,263.5591ms,True
1,4,2022-06-19T19:12:25Z,2022-06-19T19:12:26Z,276.8806ms,True
1,9,2022-06-19T19:12:26Z,2022-06-19T19:12:26Z,279.1464ms,True
1,10,2022-06-19T19:12:26Z,2022-06-19T19:12:26Z,265.5076ms,True
1,3,2022-06-19T19:12:26Z,2022-06-19T19:12:26Z,265.3768ms,True
1,7,2022-06-19T19:12:26Z,2022-06-19T19:12:27Z,272.1726ms,True
1,13,2022-06-19T19:12:27Z,2022-06-19T19:12:27Z,280.4201ms,True
1,14,2022-06-19T19:12:27Z,2022-06-19T19:12:27Z,265.0934ms,True
1,8,2022-06-19T19:12:27Z,2022-06-19T19:12:28Z,267.8647ms,True
1,4,2022-06-19T19:12:28Z,2022-06-19T19:12:28Z,281.6293ms,True
1,2,2022-06-19T19:12:28Z,2022-06-19T19:12:29Z,949.3528ms,True
1,1,2022-06-19T19:12:29Z,2022-06-19T19:12:29Z,283.3005ms,True
1,3,2022-06-19T19:12:29Z,2022-06-19T19:12:29Z,281.0317ms,True
1,5,2022-06-19T19:12:29Z,2022-06-19T19:12:30Z,269.2953ms,True
1,6,2022-06-19T19:12:30Z,2022-06-19T19:12:30Z,268.3849ms,True
1,4,2022-06-19T19:12:30Z,2022-06-19T19:12:30Z,270.1362ms,True
1,9,2022-06-19T19:12:30Z,2022-06-19T19:12:30Z,281.6238ms,True
1,10,2022-06-19T19:12:30Z,2022-06-19T19:12:31Z,276.177ms,True
1,3,2022-06-19T19:12:31Z,2022-06-19T19:12:31Z,283.3646ms,True
1,7,2022-06-19T19:12:31Z,2022-06-19T19:12:31Z,293.711ms,True
1,13,2022-06-19T19:12:31Z,2022-06-19T19:12:32Z,283.8842ms,True
1,14,2022-06-19T19:12:32Z,2022-06-19T19:12:32Z,273.8917ms,True
1,8,2022-06-19T19:12:32Z,2022-06-19T19:12:32Z,276.6742ms,True
1,4,2022-06-19T19:12:32Z,2022-06-19T19:12:32Z,285.1332ms,True
1,2,2022-06-19T19:12:32Z,2022-06-19T19:12:33Z,272.1604ms,True
